,summonerId,accountId,puuid,profileIconId,revisionDate,summonerLevel,tier,queue,leaguePoints,wins,losses,veteran,inactive,freshBlood,hotStreak
0,NjlpNEr3hMF2AYDp2eyaIEYb-Wr4y4RBFLGncVk5nNn3,30TbyJ1YjOMZ7qIUzhM2v5QvmBwgSO54_Gyn4NhHE0Y,1xHcB3dGcWANeBntLEWlfxAHR9VPglTSf1qV_TquVnaleVjhdYso2U0Z8T6bHEsUCEQNdDppGEpQ7A,6645,1736212522320,942,CHALLENGER,RANKED_SOLO_5x5,1951,215,142,True,False,False,False
1,69sqzslyKFgEfUHlKP9zy11_xiOoFJGfB__zZfwhHvZX,sh2QEp6BtIjvDv8UVf7OkGM7qA82TijQDZyARywn5uE,4FRogKJxnPLAzhOl4ofD-PN7j-TjWC2LTfxx-i32XL6-qvtHTQGIbUmJ2DCD2IOQW71Huxy7IeuXRA,536,1736239528633,69,CHALLENGER,RANKED_SOLO_5x5,1910,225,93,True,False,False,True
2,fOrbu2n5DtE9qy28qUrgKBaD3jxphGSZx0cuB_xlAA-5cpdYxhY4cmQDvg,O48UBoLL6-qBmr-u8pFi69LKYm9jLLvQai5XWEX1KhI8B2XtZPJCcUaL,s8qcLieY9RtxNGgJ7_cNHb7yM8Y8FJB8NBirXIGwdja2O6ZAIjDASVNBpXDBmeDsw7ZhrNqiwVy4dQ,6766,1735863360000,137,CHALLENGER,RANKED_SOLO_5x5,1899,193,123,True,False,False,False
3,qSW5hRsT6AreMleBadsMhLE-x2jZf-CSeU5Vl-WQFbshx3s,aipFve6sMAghEcvPI_E_DrQxe42J4FJaxae7xRbfzcI5n00,lxDFRePgBH1_H4C9lD0lwixoJNYWgydXZWe-aq42qs7HV_PeOKjkDhz9cZvZ0O4jmoGAANakw2WYRQ,3211,1736266327964,1273,CHALLENGER,RANKED_SOLO_5x5,1848,198,126,True,False,False,True
4,pZshtobloal0wuwCGPR__SVDAWW2H6SWI9gNZ_z_6ePTzPU,yw2JCjoCEEStEYkOLc76rAFMQc91crI0O7tWK4wyDyaLBl8,JhQ8zU4LD8LqD7pG_CxmrU_yqpOvrG6sSUZulZnDBfyP730Bi7TvDX4C4ZsdfZUyrWKDI_S7OwhcVQ,5709,1736263540508,148,CHALLENGER,RANKED_SOLO_5x5,1795,189,120,True,False,False,False
5,lmNM-0LpnxRNbS5NgyzhQY3O6v7aYrfBD-aX2rL6OrclkQ,SHpLjcpVnDX8xtUDu-pAZXTba1o9yTgvqk-ELSf-AyK2Eds,2azJ7A8Kt-OxKc5a3MAbDyuXXuWfeMxrcuOz4EuB2FeRvJeuThbuI1-BopQ8S8Hhwj2gVuT_pRPFtA,18,1736116684000,385,CHALLENGER,RANKED_SOLO_5x5,1682,141,57,True,False,False,False
6,3O3-PKdnHTYNXNrHbpPHNpwdQI3dH4wrAGZJeRBk0GG9Tw,9e9RhtG9T5YEjlMP7pa3MYVKKANz5XK0E6Tu6AwdR94,3GPjIdbRhaQdfa5yc6GFSV_MrfkOXB-uR5vw79DQ8O3uMgCMBMMnaJgN32Tmz_Gm19OGIf9HW07khg,4353,1736259843287,790,CHALLENGER,RANKED_SOLO_5x5,1647,164,106,True,False,False,False
7,hvlutrT4NGxxFRqWvOOiLl-9dAlvHmkds9a039PPihprVxo,ft7ypYikv1S41qBAlxHyY1UxPqsOKsd2j1f-HNTM7u6J2sQ,FCDlhOEy7_NHM0D35KZo7EuinJXc-_QZcLgwNLAhjCwHzqx2p2PQIbVed0YWFFZTVXf_L4FLX3eAaQ,20,1736014679000,467,CHALLENGER,RANKED_SOLO_5x5,1578,259,198,True,False,False,False
8,b6E0VOmSGShpCXnYx4iY2oO98yRFh2tvmIpEhfS9xQOkOSw,BIuwPMQXGnD5ZdesMPMi1DVKMrsBUez518aFqB_pUWfBDi8,IVozP_g_oR94a34gSUnKW2Db3HYWmE9weEtXG9H1qC4d83qh6XUItYaMtPIxTD7aj6E_Z3FJnur-nw,6760,1736266408779,986,CHALLENGER,RANKED_SOLO_5x5,1499,184,130,True,False,False,True
9,tgD5wgZGeMOpENsaw5Cm7a5aqdePhsLvisfIVafxmjWKFJ3eDMh0rdX2gQ,frpWxZYhrPkj6ja7rMp8lZhkMHUjkouXGXiSrcM5LDtIvlr-xQJaq-9Y,15Xw7NEGNCHXRKGD9jsAMvjIAN3HUi3p6Se2pIrOtU7ht-L2cxbJY4zlpcPRqKoR7kPxxxIBvNto_w,29,1735631102000,166,CHALLENGER,RANKED_SOLO_5x5,1479,196,148,True,False,False,False
10,K88Uk_o4rFAdUxb7C67BsyEleVbRTneU01JDNEimFnlYKPk,Yw4KLCVbPfm3L4Zxpxj-KxmffS95eg_yxyc7u9__d7OEsqs,Pw7nyW_-c98pE7Dw06UTXQ3jcF2v_ScwbAVpfE23pKo1DI2GnUlm3wFVpwV6_JqYeU6xAysj6qIZiw,5177,1736261321668,1061,CHALLENGER,RANKED_SOLO_5x5,1471,462,420,True,False,False,False
11,0Tw90LlNgG3d73H9-HNYI0K6nfRlb2UpiKpJgmfSwqn-Ku0,QaA_CPwg4RBovwWbMG-SQnNMJ2ZS0LHbHYFubN1u6wjenWg,vPjbI2TfU9uqD2F77KLj7anBFcmpoYuqou9ME_uGuxyw7jMehL9eohkSEht3zL_YH3AFQmNXazhSHw,6773,1736137642000,870,CHALLENGER,RANKED_SOLO_5x5,1407,386,336,True,False,False,False
12,qZYI8EzWsbcK-8tqT4x7AG6SGhLEUNqgn1R8h6As0b3Y2pAKWPt6xdrL1A,2IEQ30iEbOtLuzCpqjMQ4jSEO4qSfDxw5uQXq3LIDk61JnY6ktDcr_Sa,1ck2HxiO00gZIQkn2yoy_NxjYvEXffACrAf2xJ0UQi0OEXbFwp8YgkP81skd4TsaYCmJEHGFW2LdUQ,1298,1735806424000,182,CHALLENGER,RANKED_SOLO_5x5,1403,245,188,True,False,False,False
13,T0Ls3ZekptNy_2CzglDkP7tTlrMf7Y1CwadBrjq0m7Hy2g,xROgKWtTeJr2G7OGjLcrZ33il4Q3Bg0vahHG__Te2Q8Jifg,K_EM_SG-JnEQBFgGNt5XpqwPjJD6kW5n_18iJa48d5C7Y2KnvGi5SYyfTu8Gv3cJLErGeDrQ9oLytw,4568,1736217567923,1024,CHALLENGER,RANKED_SOLO_5x5,1402,335,287,True,False,False,False
14,Km4J-GulUE9uzCMcZkvT2K9IpeTbSb3zk3rz-jdkxwyDQnQ,vwQEUguoDXMcfatNNkkME1W8qUwxZ66wPV-bEZNeZm3eFW0,cwReEWmp9bsK3NHocCBR0A-lQDzUp31scdRlDGVyvUkkDw5G_WxmCGQMwTlnidDS4PhxwQg6Q7cJ3Q,6410,1736234311909,1519,CHALLENGER,RANKED_SOLO_5x5,1399,257,204,True,False,False,False
15,eRKfBkFVrC7t023bdsd0iLiXj0x6TBFJg04FDinOtXFcWO0,eOiDMe33s1OtHm5W4SULWbBlrPUArGkN1s8c_obhRPe-u0o,5PEqU7wa0HBan9aUy1W-ebpkDT1tTMef-oTLEMppyjmKtl5o5IYZWLnAuJxPx01Crt5l2Y7gbDBbww,3153,1736197930295,1020,CHALLENGER,RANKED_SOLO_5x5,1399,165,115,True,False,False,False
16,18DCaYKmZLSyPp9CQGbA-TiV3nhKZ7rHZWYjlDd7OwbPUQ,GN0OE0aE9W10KSUdtL5QYN8NSQwIea2KM6aQoI-oO2dvl_k,b05MtdZX86QEtRsN0gJr34XAZVUw2_lr4uxhhiau8u5xlin38HUOgj9J0eCpcBy1VOI_PeG67TwapQ,593,1736264866127,837,CHALLENGER,RANKED_SOLO_5x5,1380,236,186,True,False,False,True
17,OPyATcoQD8Dl_3raavif-wT47Ib-XEaLwkO0we0cLCmYNPs,q0J-EKvdvfulkCWk-kJFvV39ItJF_tC2cnGyVrLJpY2enk0,sN00Zjp-lf8s0YwdaqKyxDowMfgFFLQ3Sz1TWR9Dvv1svkEt80-W46iBVYVln045YiTzeLn_g2VsiQ,3462,1736032278000,967,CHALLENGER,RANKED_SOLO_5x5,1375,304,258,True,False,False,False
18,7pOXkV-SqPy300O9h5xiyq85c-q_w85JOp6fW6DnBjrQpw,jlWSSgLQeIKo_x2Skuyab1alrXkjNlox9nllvutlLenvMxY,_aVkhOFP3v0_WbAG2Kjht6kC25zlihHjgz-Ci-SixPWo0E4pnxs8Q4nP21Q47uUnkTvyBkCg_m7R9Q,3227,1736138765000,1314,CHALLENGER,RANKED_SOLO_5x5,1346,208,158,True,False,False,False
19,d_9g-S9T0SKetsaxRTtYhCw1wHRn2ZK70Z_xIWKNXgRZ,R_W83rzmnulVLod1Gcm42-37yOh2NevF2hwyu26mTHM,iMYAE-WLPX_699uxmkBtgGawISkgPTMKPn72MllDPeAN2kRjhs4AegBUyuyX3XsPqqDnz6fHzs3Yag,6605,1736229900178,1209,CHALLENGER,RANKED_SOLO_5x5,1329,297,237,True,False,False,False
20,s6YV6Ha-O0EfWYG6o-Cbcs0Db4aQlZed5vWDCp9Jmp9vWzI,sLPaIET34_Q6fh9D8yRthZTUW-VUg8UqLQ11cuubHQp2hks,OrdsOyXv3kztTMkkkMSufFiTtD-CSm9U1KgQ6yC4PjV3tZO86EG2WTkbq8kM7kgLDF8_nZqDXMKzzQ,4966,1736113342000,1118,CHALLENGER,RANKED_SOLO_5x5,1328,274,220,True,False,False,False
21,ERW8w3gtVJgh0Ykcjw6oxDMkKSAA6kVcTQAq3fO--u24AWs,1Ix529jLTOeXUqCnaRpQ1AdJEaYR77ig9PpuFWPzP0emuMA2U4HnHPL9,-m7jyPwuWQeF3p-8HWJLJ_RNHaeiCxKZB_FcKo-ngQ3gZpo-H1GfgLMhEqWGC6ensEgYlSA-A--few,4832,1736263848174,537,CHALLENGER,RANKED_SOLO_5x5,1326,266,216,False,False,False,False
22,kUVyXn0lq6yDvwAkcbQqLU-k84TSM_kuyagB2K28sNLq4yE,zRciZ654n-kyPdbF43AnXsGRWDKgIL5QH_-YCFQcEDBg3y4,6S5hgmQhtodvO14L6ufxLL9FqXIPmd6cZmQoQ5NhcLRw2R7P3LprgXtf_Y_bKqSLSaQQRwgcnNxmXQ,6436,1736130489000,584,CHALLENGER,RANKED_SOLO_5x5,1324,195,149,True,False,False,True
23,RDVH2gFqu7689VeIt79YRUlpGROWdMGOX9bruvUyPczq,HbAOuVKMdm0NirExaFSDO51hunGqg971A7CHB6oJ5ic,QsEgGSpUlzeyR1aMZa8192cumEEJy3oMiPEw3gxnyP0z9nfOOOEnYU6E_XtIO44_4xNv1UplP5Gikw,2072,1736203516822,1244,CHALLENGER,RANKED_SOLO_5x5,1316,278,230,True,False,False,True
24,hzZ-lp6cg9cUr3LyUiyunkxRSS_ONhAU0klajlT7fRiKFMe9eJv2HDh5wg,0WgJ7U4n7zMMhYDYQW0nEqrsWA8owLuqWS3iL2lObwaZZZUchZPyqhbS,mEFmo8tbcKDLWxEDYq7Ki7B4lme3SGrEGsCHqYS7aLYGe4WxRNplAJ4Hna2LM7blHaQz9KkbzOevGQ,989,1736266384789,77,CHALLENGER,RANKED_SOLO_5x5,1305,331,233,True,False,False,False
25,NBE6NFVz8fczsyyhoaGxxDsyEwQoBHRZAK43xWRK3z9GDSw,cICkBuC3A3sDhpjKvZuNjj0HkyCRCU6eNjrizdkNw80Gf2-3OR0bwat6,_BkY_qwsuXYHCj6rX5n8lyyOmy93YJY_nHCx_B3M75JIyPLLFvP2CqtQ9B_MuZidzTht9y8F8UB4pg,6502,1736192035768,324,CHALLENGER,RANKED_SOLO_5x5,1285,142,74,False,False,True,False
26,7XClhdoN2_gkViCuoZtAKF79dKyBzR6Mp7AfQwj4w94GpZdeW5EqdXrsGw,GM2zY1S0mdF7alinMsgwEP3p4dgz0Yf8GGZDzV5QVQ9uBMzYP4ka8Kzn,sqjys2scwxQA7O4WmW-pOMG9d9CTDafstb3ybNURv-ESgab0qaLX2LR8-cu8zfBz_JTtEqH2ZwwtsQ,985,1735268199000,177,CHALLENGER,RANKED_SOLO_5x5,1277,258,209,True,False,False,True
27,EovOQwMm_lUsNNuS33nYdUMY4UNP-dNPN0RU29EOD7zi8lk8Hg4QvY99rg,uz2a3mNnFumIeLsEmePq9t48Sb92jp-iCph9wI1riTdm4w_Qw-cgb9Qy,3QpG74lv6OqMS18mdavqn0-fgZeu3p_Dz_HSin71gmZHCFHmtsNhAD2BqSTcaY-DYUGBjuzCHCa_lQ,3153,1735776049000,195,CHALLENGER,RANKED_SOLO_5x5,1272,342,297,True,False,False,False
28,q1yL6YGvvUtGHY4RjJFhGUK1TBFJ9Qac509iWBg_VLRbxsc,y3CpSswjju2FRBO02lkrFlEz4K8RykELEiK1vgQ3KbFpct_LLyEWYfyW,Zcf7jzLbq4TtnhfpVUZav12mQVGsefoifUBf5-Ue0CMVlOIhFpn0KpV75JZM6kq7_euDzy4nzieg1Q,6019,1736263311586,197,CHALLENGER,RANKED_SOLO_5x5,1263,214,171,True,False,False,False
29,MLK1hJfeNJXdQSw33t1ii1LfsTXLGk6DLO9oCUhHzeZH,vnBxJxPcg73S1n713T8OjpwlJgmkzmrg6SH4CjxlENc,Dv2uui2ep3lBRi8DC9_HQO2LnTEJTNZkYoyLNdv2gKASBWX5RJaBL_-yzPtpJ0abUb-_dWwUrqg42g,6501,1736266813751,467,CHALLENGER,RANKED_SOLO_5x5,1239,412,361,True,False,False,False
30,jKXhWTufpTBqLABroBKNH0hex5H6WHisqTo1YNEP-SawRg,aErgf09J9f0ooAKihvh5k1z-OPrG2-8KPyh9lskASAEn,59-cpV_xQIW7Mp-xmlXBSd-erQ1aq8eyVxiQIbH030mA9LOmSHv_7dFxq-pINK1Fid9psFP3WnhTgw,6693,1736260393421,737,CHALLENGER,RANKED_SOLO_5x5,1234,269,217,True,False,False,False
31,I1k04c6rzYbUaeiT2Yq7yDQRwIY_HpebW1ffyyJBpFkvnSA,yijYisRgt657EEHEL7vhEWmXzcl1U-RSSxKWue5e2cZDiArJOrssTINy,3rs1GKjPW-L1UWK6lAvi0vh4pxYf2-S6PiJNUYnFSV8mm1tl0hu8F3LrQuobPsXXkz53n2wzsDglqg,4928,1735584446000,178,CHALLENGER,RANKED_SOLO_5x5,1234,120,59,False,False,False,True
32,0nkkuC08RIrF63mZ1oihZtWOuSXhdUXdeJL1imzrHchn8w,Nw81xb6P8mEQeG_ShdHTwsspxFuuqYNwNgyElnT_2rKxuns,6gFIJLeCe1e7Rm2x6McD6Z1QR8Zun9G9zCVvx5jBkN88o1VhbX1NUuxNwOs7QLcQisrnen9Wy_7JLQ,3385,1735678985000,207,CHALLENGER,RANKED_SOLO_5x5,1229,125,72,False,False,False,False
33,6KeW65_3oHHMaRjGj9aWCyspAKzQUOpebDgS6K-EX5ps8A,ioRRBMq7lQRmUSoNaCJk9zBzt1i3bzucBgGwMVn-qaobw-M,wM8fAu3s4HjoLCJz_6_mhn1wVyzwmWXI-M07b563rk0l5a1jVj80iAVQMAszHitVXF97xl5_Np5VbA,588,1736136785000,892,CHALLENGER,RANKED_SOLO_5x5,1224,184,138,True,False,False,False
34,XlyPKLacdzljz1xNMiykiT5bOd91z84cqTmqEyJNcNFS,8-GSnItqHKKzIfQ_0Fkkx4KDQPRx1vWWg4dUDM_yfvc,TZ6AYwIiK2svE3mRbrP83BhxQYyaQRDJypwXDRFVY31LysoY57lTRuTj8-iZ4mpYmxixeYz83ywf_A,4410,1736145572000,688,CHALLENGER,RANKED_SOLO_5x5,1221,176,131,True,False,False,False
35,N4UBq1JvVeVld5-uBKX3cYH3ujGDNZi_sMOC_oaxVxiwsDg,iXxlOB70fNOpVWwAAiJuM0l8sP9FEk08i24vZQQr0gALXbA,jE0afZjcGEOlQl3xV8bmTNquaixpMWcY4GKlxKFBZEXgi6Dhr3K-Fiz9QNNanRiit0cvMPpKmV0t3A,5769,1736208768469,312,CHALLENGER,RANKED_SOLO_5x5,1211,187,133,True,False,False,False
36,o6HMv6Hlk-tJaD-WUQQRecuMXluGSxgLX6Jq3J0l1d4r,_W4bQPEw9MQF9xiVidYq4xhUVoCDb_cwyWsd4Nv2mcY,XJja5hX2yHFyS2Fv1xv9UhZDD-M-tZA8qcwuC_lzvTTSljg5xAoHkfPL0dAnQLolzXkncGxcI6t1VA,3849,1736224398725,919,CHALLENGER,RANKED_SOLO_5x5,1196,319,279,True,False,False,False
37,u__cY_DKBG-PNKFMR5OUdodn2Jawc_-3Z0d-YhvVsrqrGg,Emx_in9ZsjRE7Y3znvC3zv7rq_il1v0bmJ2uYtIYdoX98Hk,iA5huvetRmgNv_vwHP5kR6efMyIjVM9f1wUQAsdkZAKAM2GIxRbfcdhnt5-9TKEqtwUkWdWcd8sMDg,29,1736194993674,842,CHALLENGER,RANKED_SOLO_5x5,1191,240,196,True,False,False,False
38,iJOcdjScyYaYRbcVBI16hMyUx4ciukz4RfyNbXfYMtHku90,czEvDebe51QMUWFo3Y7IWPZzPyPAYCaZO4tx14046KrVWrk,TsnWmhpFXB5vzkqL7O7Ner4E9MdIDMOayh5-PiYpzGdUzLxr01_cQ-o84H1yqvpd93UkK-Dq9dp52w,7,1736232959429,1040,CHALLENGER,RANKED_SOLO_5x5,1187,216,172,True,False,False,False
39,VO6yl_P7Fbg5Dk_QPVipY3q3sbmVQUzXkA8uvfgJ7c_uwQ,yJxdv8z1Vwpe3nCabVEHQiOrOa-r1Mbh8J6ZJwahp_QS,EMnlysqcqOq1iZJdRHiKC2ryhC9h6eTYDgbP1CWHEBO7Sir83YFEnErIUSXUe-HsUfFISa4mlMpe7A,6734,1736214940436,811,CHALLENGER,RANKED_SOLO_5x5,1183,211,159,True,False,False,False
40,zcz0Zi32ge4mfmqRnwRkP2TrSK35yHBkJ4s9Zy9uH86ODxEktBeK75PdtA,b0Iw-_kJ-MuDac4hMZbIuQQnhaotyEvBdQZ24Xr2f8i21ne2w3oCInDV,Ool-UWXUk95GjDEIholYT9HDSDqhTfjz3TOpFkp6ZZR80ceWu5_27W8aTxcqfcamTUw4HeqQL0a7CA,773,1736266327964,248,CHALLENGER,RANKED_SOLO_5x5,1176,238,194,True,False,False,False
41,37RSi-o3OH0LlD2rbwkxBwitvD9M_cT0Zuqig3tu8RD-UA,XhnNfBFOnKFpxDWafXF34q48-tCHH3NFX7gYInjgElGn,wi-KeETP-bi5TiA5yVtShYqqESjjQpzINuUMHrH43OTOscBdYywDRrJgQ37-mmM-S5Ow2DwK1tvCOg,4763,1736227719632,655,CHALLENGER,RANKED_SOLO_5x5,1175,178,130,True,False,False,False
42,jG5mzkFhWw-Phm_3dVdOhkXLd6uW3_kbPLVGHObYdUBc,cbn2NM9wZr5IxtLw7a-5i067fAwBYXyFxbQ9jJppDfE,EYay2DneJ5d7msq4AF65DN9OU0BGuk2OSqEAYNIwCSSe6JuBRqUz4f8aEslw-Qxgycb1-6-Qdi7Y5w,6632,1736218536233,1233,CHALLENGER,RANKED_SOLO_5x5,1172,429,390,True,False,False,True
43,MDqjevfRrEJF7vxDj47wZ0FOCTdJUQZlACT3zdem0c7lRw,5LfzbvC4PVmDsXrYjPxPBW1mR2VXsfoGk9-bYT-ri3ff,2sYkHTyxb6riGTCGWwa-PouYVs5wUjs0OLwrmuk7IrI747fBrJFkSTMe5sQgTYImEW3b8_Lb0Y6F_w,1086,1736204688739,312,CHALLENGER,RANKED_SOLO_5x5,1168,168,119,True,False,False,True
44,vEJjKcg_AXQMRQmatNvlm3u2R86AxI3cG5n60I2wyNdrZw,c6B8Xpjwt79UCU19SgsMifJ0K70VNp4Zrk1fNucAM2FW,fXbkHuh94SZG58bLlupE7uV6Iw_1etQqBnnfZNswnhbFdPq4oD2tOskb9oVyHEhKe38Ko7qDgENHgQ,6766,1736263540508,921,CHALLENGER,RANKED_SOLO_5x5,1166,250,211,True,False,False,False
45,2_etkWExuNF24ltr7UL_-ZUNOerWt2i2WlmzcqIheq1GnK0,o4kGOAACItmXRCAB5mWSSY49PLGQWoqR6TiM-frJ43ipR4DlIrV4xs0H,uM2JrJ-HnHjaEQXG4duo1huQOhsbqjBg0G16FdslZTzwhhKtWNCXQINSiuI3yZDJG-rR952V0lhtLQ,6570,1736225652604,259,CHALLENGER,RANKED_SOLO_5x5,1165,181,124,False,False,False,True
46,4Yl_8IiL7T8nBi_HoDzdbvEM1w9Cx6XQHmCaPi6H7tZ09Og,azxDac9wb0JixT5vu8nb8it1wSTKHMfkIIqCrKI82AVCL4U,Oq3X5MsevBeeAG1C7jIew-6yDz8Rm_A7r-uo-xkmz4s1zbl0Hk_AU5iSx_zvdPnDSO_VYM3TnyxSGA,6583,1735889442000,1619,CHALLENGER,RANKED_SOLO_5x5,1162,249,207,True,False,False,False
47,v1-RF15sUbPIoy2KEit52bzpHYWBlnja8nS1l1XCDUZnq3E,ch0dCRY3Z9qy7MZuFBD1cN6zkKqZSd-MXctBgOzEfHjHbDw,0I6tHayp-EWPoQmhTIp7_5nr0JlCsGXFEfJ7MpPQeR4gnAPocYfvk2sabaRGuJVatMPUZLLKUI_ZGw,550,1735309580000,589,CHALLENGER,RANKED_SOLO_5x5,1158,147,95,True,False,False,False
48,hN0jZocSI3luZRFbOvu6PMzGynw4pr_naUYSanJnLxAb,8MpExh5mKqScN91SI_84srIorA7u7Nts8mP1X0S-vEk,9mpeydBUfk259r5oIAEH_ZrUtC8f2pvxBsXmEraD0COecL6CcAU3kggYIxRLwadmX9aMbfaPlDZfuQ,6627,1736232652446,789,CHALLENGER,RANKED_SOLO_5x5,1154,175,125,True,False,False,False
49,-8Zygbh8p4_GfFtAqp8GMm_uwXrtG5q6mFP-p-XJ_aq3j-4,x1AMbIiKvcvBvWH-XWRK8c5kp3nAZcSMEiRiWkT9nyLuNzj1juh7nZ-V,_MHdLO7ajIt5bW8iJhEGK4gLL_l4O5Blvjisqk3zCmCe3XoLGXbtTcfHUfwQLQxXiIDAWAb0qLLfWg,5736,1735918648000,433,CHALLENGER,RANKED_SOLO_5x5,1149,218,179,True,False,False,False
50,XKB67FQEYdoo9DRhReFAiHN-AfuO5jkBApN0VsrKbIqiW9Tv2FMQ1fFbxA,6yfw50wEBkZjT0kei0-q-jdXB6mkVHtW9fxirp_77VSVz9aY6iY2FZRx,Alp4gy3cT55ZBig0oPBjx9d8QPVGZlelgychzPlePxT2mCYMEVtY9Q9cEf9kjwPJuO8ubZbdjB1CPg,29,1735848709000,331,CHALLENGER,RANKED_SOLO_5x5,1131,338,288,True,False,False,False
51,AXt4MI1FHVia32grHdtEuC9SN-qDQJgLbsa4pZhxOW92GxdnFEUbcqIhmQ,QCswt7k3S_NjXzooFgsHMjSNtenrpGf_nysdnTy1nkRi04ZDSDpVAwvM,mhcrN3VaQvX3m4xftx6aT64xtEOmhvKLAk8eaJ1NQbOeDzTYRL7xDcQ2jHyFqQDit_MmZLGLI-81dQ,4896,1735777846000,175,CHALLENGER,RANKED_SOLO_5x5,1129,383,340,True,False,False,False
52,-66lN6xrbOVDvmPHF3vf1fJSUIuBLVMDSFKEtuY4CtEbh2T98-rvVrDN9w,qXgEMZ_X4T_xDTPnp0Mea5DoCNm3O69dXkid3Q8THPZi1lD19xgP75UD,vx76gXZVP80OuKGy6dSdlP5x95AtFTD9i2jwaA5DG1fCr45np4ihAaMfddFwRvmG69hHEqGo8QLZQA,6621,1735587576000,124,CHALLENGER,RANKED_SOLO_5x5,1128,280,228,False,False,False,False
53,ikRRfTbuZDnjnj0bpvlw320Zavirm3haG5m_G9MXU-Ozqh6tU97sfn2IBg,xn-ynAktP07biKoUYSruCf8KV4xS2_IJPsFX3O0vLts5S4HSuGW8nzAG,_7qauJfRl51Nl6IFxwVvs4dTt2-WEi7d8eyXZAlRO7t6ThWjruzifNWOgwtrUFrw7muv1j_qjcS8Fg,29,1735792996000,96,CHALLENGER,RANKED_SOLO_5x5,1128,184,142,True,False,False,False
54,t5Fg3LaLl9NyDUdTcBEM_uS-D2p_E1FxHz4W5Y1DDMvJ9mQ,pPsqhfn4NCU_9B5ix8L5LjYFFmSIf8XzJc_SHN92JUToYvs,3P2s0JqyxeC_dmoujZ67KZ4D862lpf_epyVb8V4wgywdYzt3QSab8Pr6P-KMXvrBV5dzlqBK-cpNbw,682,1736197930295,241,CHALLENGER,RANKED_SOLO_5x5,1127,129,66,False,False,False,False
55,m5PsIA7L9SWEWG3uS_n0IiEyBuTyp38ymSdZxKDM2827Vhk,H45JMdGy4uITPTVVwgrdZxYwI6F9hJjXPLxhE41Qn8TgeyQ,IPbG-NwEwvsmTBjXa79bQJbUMujTBMwU-vkv6wBTKXiSPO_WLi3JckkWYVLpD8zJHSWTvOQCumnGAw,1152,1736204865880,638,CHALLENGER,RANKED_SOLO_5x5,1124,139,98,True,False,False,False
56,uXahWakhZ6-rwEC2OWs-PXstV_QpUkyJzVtYgpvpSW6-ZA,iCHpXxA5dA633TdKsbENrb4rVEFIfUcMpt1FWu3zSMaJNTA,2yH3KAuTPtf91g9RD0YzDg0Wbu-tsjjady8pMTypik8gG9c1awuFf0Ur7EMSM4nH7HLYmr83aVCfBA,5414,1736182338263,928,CHALLENGER,RANKED_SOLO_5x5,1122,417,385,True,False,False,False
57,RYG1bZ12cW6CcE4FT_8qdw5gVxkWFMATii_kErgzfalFNA,Ya93wKSnFYrI62QYxY9o-PHx2UoP6zgF8fHhLVo376bRPG4,XnGVwrfuRaS03jRp2cIZMhsdYZTr-01wfWDFJS0CHzqMQD4d5Px5Layj2i8fX6iSDhd-eRb4cEe_bA,1116,1736176563000,969,CHALLENGER,RANKED_SOLO_5x5,1111,165,121,True,False,False,False
58,AzEczm1yX0XGdWCIHB6a820LJGYzSSBV-Ngc3P-FOd8NFg,KuvXH9KFClxR4ZPOZxDcS8rL83RgbRjKXKdcNhcQUFGEP14,7q-xcL36PMMlVg2o8WROhXvWjAuZpHZ-Qn25wXWmwPg4ZrNDyt3u51riNxATbsMbDf60EKi3Po-lBQ,6279,1736264954051,753,CHALLENGER,RANKED_SOLO_5x5,1111,159,116,True,False,False,False
59,ir2njc8lpJFRtiBbGRarFJxW4hGlOzl0MypEUUg0nMoX6V3RGA91oJ607A,rNhrwXlPVnkEwt4td3cKFIXuQ7BW_d-w1GL0apZckhZt8wIWLy6R8UE2,LQ1Ton7RDarLYBwGasKqV7Cr2vgaQ4oOvdwyc5E8VqA3eM_Sayr1wUGnlB7sOGpEepetdwfSD-IJtg,6604,1735956121000,105,CHALLENGER,RANKED_SOLO_5x5,1110,157,112,True,False,False,False
60,iU_wim6m7WeEHr4yhXEZfedYjfqf03h7F--4c64HzSKfdg,HDX16QhmCFOepj8VrQgrg2dpNIHiP3YwpqeanCYudwa-,RHDnuMt2ZvFW67oZ_BxHZZFR_2o0rnCNqCcYA_HLHMnSAzKjUZvihY0NCXi8eMy7Lg55-0CkPX4xrA,3153,1736130531000,821,CHALLENGER,RANKED_SOLO_5x5,1103,187,135,True,False,False,False
61,ddzcx1TtFsiXplQBEU0yIeRmChc7W_BXZw-Er_a4aEu6KiU,v7h8L2AzF3u9xexPCuOW5EZSSJihzV-B84hEJDcJa0lt3jg,NyKkEsIrzDoolrTHw8AeHbBX8sXdvfpsVF7--V5B64JpCJdaO5w92hSh5ScbBQDNN890qi9UA15AWg,6087,1735934990000,1039,CHALLENGER,RANKED_SOLO_5x5,1103,139,94,False,False,False,False
62,PM-BGOAemQj6XQqCLgOoGvwVz1oAZjo5oWKX5dj3nM1T9w,KNR0jutssN1O2TrvuaXYsZVeGJveDkwkdg_1aZBliuNu_CA,KcLZRMMWFLU8fyw0JxYbHn_jPCt0VVx77R5HpMCG0w8nUIPWSJ1nbsOAqdBy4T_93fVah13Xqh6khQ,22,1736065120000,594,CHALLENGER,RANKED_SOLO_5x5,1099,159,123,True,False,False,False
63,DLTvZgbNAj6bg9SIkaxXldCOnXyCwGz0R1ghYP_6PlzUuEU,Hl5YFLEzd2VeNTJ_QJmYvlV4p_o2oWqNnjiZEx-B0diSIEpkEGpGa26q,o_mwE6zHcNyRYh3m0VKMYB_xL9mRW5eYOByYgwOU8y8j1zitG32ul6oeJhsBTYEt19qZI9zJpBv7NQ,5176,1736181973608,160,CHALLENGER,RANKED_SOLO_5x5,1095,186,139,True,False,False,False
64,sEQu8nKO_s7JFy1VLraH_8IWZquf-bawLne1jEDF4DyLtQ,WIOzM0fBixGPmSUTR6CN7O0uNQQbIoJZIBE9Am7nYmY7mbw,p2GCrO-F2RFGEHhrOWVfk57I84aycgOUkzJfdKz_40xBBkD6vVOYEaVvcChere7V3ulaJMYuPa3mVg,6630,1736121088000,803,CHALLENGER,RANKED_SOLO_5x5,1091,163,119,True,False,False,False
65,2Og-G4M-ed1p85-uMSqcoa-X2eTk3XY4jXUGgSQCogwImg,vEkii2HmAiqVetAU5JBVfnyDLRgn9iRjaASIZaV6f5Vp3Rg,XReBXZCKYrtT4RctqbF_j5glomK6TqXq-xGyIrRzgp4qoCUmgWuWE27LV50KmR_juT2tVQywZ2W49A,3152,1736266580115,727,CHALLENGER,RANKED_SOLO_5x5,1085,108,59,False,False,False,False
66,Y6flQyUDl0U7ow4a5a74YujdGW8_ee0IjeIKZTJKznwoNg,RNHC-ejiCOPn21teLnXw7oNe1YwhcpMcTyLEDvtf1870TAE,nhPrbB_C4pNVeT84gtPqOVwJsMZ9g6uHyBMDUMp_-VFSl_JEBNKh3B48KhfBXuLAgFLAYEfj4-yyOw,5488,1736220586646,661,CHALLENGER,RANKED_SOLO_5x5,1082,290,251,True,False,False,True
67,zbkFS4Sb89wFsTH4tVDF7UeHAUqnli9St2HKYchQWWiCSA,jMJ3KouVkPMuE1k4t1akuzEuJ5HF0THKvne5oEFqRcBq9C0,OqowthkZQpVbeMiK6QyPedy_RjH0ZglXQf_pRwIeI13WO4LVWhSKt5_IXb_kIxlagVbrIkN6DvSTeg,6756,1736174475000,1639,CHALLENGER,RANKED_SOLO_5x5,1081,395,355,True,False,False,False
68,Amvwoz1e8Zs8mBgsd5viRWA0OSFLHGRg1chNLNf3QaJfVw,wTirIt2RQU26jWHLHzastC1B_3EKC9vofEViHkRbBbvzats,WcIsMZNp5UT3n412voquJK_KjDPRZSu19WsKXvZeHXar3Pm-Wr0Va-9-C73kZnBM97zqFBiNBrq_VQ,4961,1736002530000,1286,CHALLENGER,RANKED_SOLO_5x5,1081,378,346,True,False,False,False
69,hvo5ucFunnSZs-ZSBcAQvUWuJYzoXTpWIbh6bbUPb8jCOKc,8IMwe75RXSuXZVGSlQYO-2W1g56e2dZv6kmJHqSAPt6XHCs,dLSm6rDo189LkeYR0GbfylyBSjuLbG7BNGj4ASYlDeGQB3VIb8AfU4a-kURb_K8yvRiQKqIpuS52lQ,4658,1736199253108,1009,CHALLENGER,RANKED_SOLO_5x5,1078,237,198,False,False,False,False
70,gWmxiOMycEvVmB7ZfY2rnHBt7FVT0v3kWfmsv06hGS5vzQ,tdAN_Umhd7OZBpna-fAui6q0NmwmJhjIL_IMlDQ2vM7_OSo,3X8ULot73aadHlc_08fALVD9PWXwXk3peL17binSjKGwv0ZbmahpZYL-pjQ5GoHTyeCKrWE8mLQawQ,4335,1735670941000,788,CHALLENGER,RANKED_SOLO_5x5,1072,109,62,False,False,False,False
71,oBK_3MWCBCB5CcDga_Et4JgqUph0dfF2Sk1enYF6KOxbgA,HpXbudJ2cRJr-ndqBUk10KpqYW3AqvxsenYt0bjHF2CcMko,O65ORNaD3P5WyPpxf4meRz23O1yvVxad85h3Z0jkcMSjo7Blu4S-loLz8uGTSFWOBObC-K2u7rmaKg,6499,1735198006000,1199,CHALLENGER,RANKED_SOLO_5x5,1065,224,186,True,False,False,False
72,JXJdgceWIeX_M52FPWLv1SqR0QWGS7gr67beljWeoEsbgQ,gUqy197R-cp8IpPxETjFKSNdydqebqRz2SjyW9oTkAoERtM,ADa327fN1YI7F3FsIq7-6Onzr-f4lHal0HKOkQXk75yx-sJ4-OFCrac5MXy_W6m-XBTLhfw49ekkgA,29,1736229142000,654,CHALLENGER,RANKED_SOLO_5x5,1059,163,118,False,False,False,True
73,nJDQ-A6LvlMWyakjV-aTrBzCX1slUu2kDae8Gf4s4A_gDQ,xQSM0Q2QmLZ8JfL9hm6gOwG3LDx8TJjN7sgy8S9J9gOI,rezw29TUNnx9hbS8FJhDTlG5ECFxREMjI4Y-Q6Fz2zfAzdrMlp-wDWkLojdRiaVgQ0aeYKvEbIX38g,682,1736209148915,999,CHALLENGER,RANKED_SOLO_5x5,1057,337,302,True,False,False,False
74,dSmSARKPnM7Xv4mdbTNVj2KkV9Vp0ituyxGqfCalrigt134,rGRZS3ausB6fHQlYqT9rA6oybvJTCPHeuJkhFA11TaPG5Cl39AJrqB0e,hwPHga5xMXrLbJMAIaWhQhEU4f09QN1sNXigEVAFDWk_ilpDbPmPesubGq6UDfCYkRFboAtcfC-o7Q,3541,1735417591000,171,CHALLENGER,RANKED_SOLO_5x5,1055,174,125,False,False,False,False
75,btQH8W7JXpRgpmH0Yp5f-efgP9UQaBAarij2GSm_Fe0iGGw,Dyw_0hVydKcxjpDxlVfUHxSlnfhBnu0OzFZ8FhwDxV6x5Ko,lTejkGJaAUTcEZR51uPNDU54w8AG0J2i_woSxB0VnqBBSMEkmBnW9iw141vKmzj5VYxnbBqBHQIgBQ,899,1736260393421,949,CHALLENGER,RANKED_SOLO_5x5,1054,175,129,True,False,False,False
76,CVVaZUmUJC0sNGAZ8JuJHRp2hIqf6peZQF0DNao1R0ZqS9g53vY6VZq-Ew,fG-0cxHK0QF6OX23M3TYROQxszXOZPHUzkRudcSp-hq-TRo_-ix3XN6U,7zTxSEddCSjQZjOhF9svxD41gRQsbLHy-X2Fi08jYlkQOLxEk_SgL6uRHamJ6pXz4UobmFURmlZm4Q,3153,1736264809706,276,CHALLENGER,RANKED_SOLO_5x5,1048,184,142,True,False,False,False
77,O1YDPky4BQgvxllv9nHvdE7cpy8_Q50km34vpEHqUaDftg,MgrNJL2VaSI3z2kggPC8CSgBP_XCnFSYkchOiJJmiBLPiJ4,FYv4L4tYnN84nQ2oHw3j3E9G-v3-Ce-YdNKlpe0schVlgJ9JDmaBmi2mFJjlew2GDvtO8FdwDO3e3w,6769,1735198780000,928,CHALLENGER,RANKED_SOLO_5x5,1045,261,219,True,False,False,False
78,ilOgHJKSBhH352FjVFQdvcZoH6mkzcyLLDWj7YeBh2-sivGhkuMjAKsCrQ,pA0MTZTuiZVX7TVS4XJ35RpxBDvSPV0AoZTWYBdbdImR3G1_uyEcidLS,MVyvaf4dVlh4Ojl1PrNH3RN2SozaOLLEiCzKLmhAhEAg_yJDDXWkilydZVqvrjBfVvpMqbX0HSEmUA,29,1735786628000,129,CHALLENGER,RANKED_SOLO_5x5,1044,128,83,False,False,False,False
79,YoknnHWuOHpFkuobAvr6DaIWRLf8esLj85Zy0uIh3YT48A,FEM6AmmQkYfkmtiZYCk8umcX7MDlM3S4qrZqWr_WlqH7Xi4,sN9Lax1O05iH1PZ2jvtRJS8D0LR-mRWXQjJyhzxJIh8LhPe4qCnXxsUnmXxD1OhyZDoO94MxXQ9EOg,20,1735244913000,927,CHALLENGER,RANKED_SOLO_5x5,1043,123,85,True,False,False,False
80,l0G9wjpfDhNaJiz9BgjGVAwHEhaf0AUSweshqAtMH8SuUg,mw-3dzV-HNRjCIz1iHQhm__e9Xe84UYwc6V3gJSvnVXF-RY,yMFC7JsqLe2SromtjBnbMgF4q8vBM8ndwNaDMJXnayCUIUKI04D6eplXj8ndySJlrynmQ07NExF57A,1437,1736205163151,1317,CHALLENGER,RANKED_SOLO_5x5,1042,223,182,False,False,False,False
81,Ql9fu1gXO28SbvNJaSOqPHhW3puGdWfvkWg3ST2DGl-cGw,_uZrVTyeyLH_uUrUZafFJjqn5AUPqyZZAo32JQUu8pkl9xQ,W2zjrU1DQYVf2CpfFczAPQrAJh2tk34I8OF0XTcvXY2t0RpGtRiOkpI61XM6sWCmW7lnvAJrJJ-WdQ,13,1736260393421,833,CHALLENGER,RANKED_SOLO_5x5,1042,147,98,False,False,False,False
82,bXjzOdhHQB7TPCsTBCaSKz8FFh08Ek_dmwHgsqNNpa_voCvqj_R6HVu2wQ,hdwcIRMbuPJbgoiYwhuMOdqWfDEHxRBtcBYsZMsCEs2DP-NBH7gW7QFO,RBvFyxT7RgWAF0oNpFoWRH6uWI8WK7wud7lyTzg6LColRGVhoWsoJUD0BdOrzMxNHdotxecaMUwfNQ,3153,1735774441000,120,CHALLENGER,RANKED_SOLO_5x5,1042,127,85,True,False,False,False
83,M3ASbkM6pOu-nFkt2WywvelOEkbJh44Ub-4eR9T4sxym,v_qjqjde0L5oceeeudpY6OJ_X2YpCuqHPFgdM69c4N8,z6wO0n3pmsHputh74p2KbQwIMQ8F65N03tsGJ4TFfv_pNWe5IIxbIk1Pd_WYGyeC31N1lXdtJ4U7Yw,4631,1736198284000,1199,CHALLENGER,RANKED_SOLO_5x5,1035,152,110,True,False,False,False
84,fyvnAHodw__EJAe7om36IYF0qNojGMjaBA4yASOwyxHWChk,LJgQGyj6uranX4zvOPlMjupQEpAw_A2PRO9BFkbRM0q8LkY,PYLqrkTwXdycByfFYLx5UFLYfIT1RWj5_WEmW0OUESirPjEadgLncigniusdBi0ZN-DDrbDR0BvPjg,3838,1735939915000,673,CHALLENGER,RANKED_SOLO_5x5,1028,343,295,False,False,True,False
85,j5SG3oXkxEdigmCyPfl0sEPGzbUM56ep7p6NesxwcxdkKw,Xe1-suD-mq59bVmKYBC_R32x2U4X3aoNlkvAUwVaPcNyZf0,38l87Mepu1OFikRHveseHIhvuOoPfcJ9FidfJjn_2HcNIsXmrnsohFt_2qJgFfmFlLq30n0a-8AhIg,6749,1736091171000,498,CHALLENGER,RANKED_SOLO_5x5,1028,82,35,False,False,False,False
86,js9ep005_amvMtkKWH_7_l5gKZRSZ27aqBZJzQgYqPME3vU,AMKpKX-JWlYpblLF5FgqE_iWAet75oLk7oWJNiPM0yPNA5Q,uGiJNX1NIOANMSwA2pxkm_ECxlJ_mQTkenVOncgN9sJDJ4ZPCK8ievPl9AMmimAo7f7gTKNADhIqgQ,1387,1736016951000,1147,CHALLENGER,RANKED_SOLO_5x5,1025,192,144,True,False,False,False
87,STurW9GeHuHSiE4BKg5WbV0E-2jsKLIwJTuLm5KmfXkr,oWWMDnAMF8RkLEdzAI_LNNd4y7ehyjz6ej5WUX5Tdb0,bl3grq6nfTCSVorjecu9NK9j8Puq6keRAy4RuUrHyUMc9uyM7EpmlBJQhIc8UjavFIAI7UPL74IlaA,4658,1736184332699,665,CHALLENGER,RANKED_SOLO_5x5,1022,149,109,True,False,False,False
88,u70ubyuQeNOvYJlaiiwq5roIiTWh2mnNZvH_TcjBPAZ-Dw,x3IsxPWHlHono5HQEz6YfmHqAOMskS1fjY0X0Q-9tXJjZkI,tD3rTauFSgMdciZ-Jq5DoHj9FB1F2qJ5UitPsWpNwz45QDwPTOOGYt97B9ZbF0ltbKTiBFWic8knZA,4022,1735600682000,1007,CHALLENGER,RANKED_SOLO_5x5,1021,185,138,True,False,False,False
89,R1LiznWLfkk87AklvU1hB4_HI-doxz6ed_jLwf6zFDA_,zmJiki0qTt_hhn_d-0r9JCsp5oD1j_IOdknPyRcDskc,54q-173zmJh7vU1g_wt9rr5BC4bJ1pcGYLiiNkMw9pmJ5-wiTF-f2EKaqChHdtYv9IRdw5wW1p1k0A,6031,1736218536233,536,CHALLENGER,RANKED_SOLO_5x5,1021,115,72,False,False,False,False
90,hsN_4qVc_R5lsH1-T1kmnvDv3fBVB46IkOWanK5Lt0fQlcY,3IBwnXEaO2Zdox-Cavy09FJUHz8Wx-pA-Wwqhq5I9P9uU2o,6ZXEwdYnqrpINdajQviYoasgZsN3ZejKYS2Rv8Vh_GSZ4CORrTkGR5p6bS4btCK1g5nX38sVi3Nu4g,6666,1736214659346,973,CHALLENGER,RANKED_SOLO_5x5,1018,154,113,True,False,False,False
91,KcwHb8MmcD8RLYss3aLsQ29g8LoqQEvbEtN3DcVtc2F5MA,ucD-drmOu1WhH7zD0HD9dWv_2CQwbSkv5R2uiSQ56gTGLqo,QU4yb8EZtWXEAHbEfhVkOW7WTQQmUm9aP9TI21Uyu40WXDgQLH4_knJBj85TOPdimvUXlTrFSTS2PQ,588,1736266364000,664,CHALLENGER,RANKED_SOLO_5x5,1016,102,56,False,False,False,False
92,F0XFtXPxge01ervDTC5tMVhtMvHa0kvDJJtUhS69HMOvcEVBU3-S_9BRkQ,UzsFxWatrSN0V5DQNZaX9F4fPxc6nX_DsIY0MTkOdbTDzTprXpd1NwM9,XZg22NqZiWPfEYaLYAgJNFaqttchndm9abNCLwRmXilKI5px-7Dqr4Lj5t3BTXf2YXdIToKSdz6BlA,3377,1735586897000,76,CHALLENGER,RANKED_SOLO_5x5,1015,134,87,False,False,False,False
93,XFJc2upYaMLyi3_2_Vj4bALd2b0EkcWEYeyxRkhEYa4asg,higjO9P2hde1Bu6fv3rKMR49LCXYFDUGUurXbOrbIo6lGAI,7h9xC57VuWBMVXT_pa2YdWsXRvzigztBW0JbkZwvw4aUWucJTI0MXqK9HkG7rxMgjwxGhCXqHI9VkQ,6769,1736215784933,884,CHALLENGER,RANKED_SOLO_5x5,1015,121,74,False,False,False,False
94,7Tb2yGKIWcaEVxykkInvLRjiGSQwgTJXIcHA8GJkU9NIatk,5fKG2gjwoP96noRLzQ-xY7wq4q-hN7tWzyCiLQ6wztN1IMA,9RH5dPMyNF5m45LbxD7GBwzKg-lh14OEKLXRi5lX1MRKigvyRKTgLqYHv5VSzwwhdtPRUGDYi-_Y6g,4025,1736106120000,1027,CHALLENGER,RANKED_SOLO_5x5,1014,219,187,True,False,False,False
95,-Cmm0v9niabNHtOGi51AFv-2xjlPOfLaBKG6uvRjYgdREQ,GBL_O2TFTy_k4FgRZEIS7clOARSAhpFHfPNTh3YviU6Fp_4,IS3ly5s1giey35DysYTCQACas7gaJboKcnVwM949zJj8XQLcva8G1R30VeKSMQ0ftCA_qsBGmOnDQg,6622,1736046154000,911,CHALLENGER,RANKED_SOLO_5x5,1013,157,113,False,False,False,False
96,ag-9jHQzw6KOqwClFq1YrvbpKGmQ7zYHYsHGOjnH-NBHjLE,ub00XmnVLGPz8iJzq0Dg1OnrQFBKz_slSifuRvwKdi2rrec,TmoAgNKkNZZ6oQiO8OHG3D1PH_SHPsasScD4fgQSmwyJoRZPXhye6iQJME30TURuyOWkd7dV6L4Siw,936,1736198591789,488,CHALLENGER,RANKED_SOLO_5x5,1012,357,323,True,False,False,True
97,STSuXxsM3NSd4nQER2n5Hi-IEDkoQh8jf9rlaDHIR0MSOw,23Fu10tw1xxTkG2gRqO98LI_U04yi4g1woZvHAlrWlez,QURWGPys5bKMrVMTH4k3D6ghGRaslI95yiPpXFhvxoEHuAIMrxNRIJ1-2vlyAhHrFQlkg2dXtQ-7_A,5723,1736232294068,1115,CHALLENGER,RANKED_SOLO_5x5,1012,172,127,False,False,True,True
98,xI4dnwu2c5ZquwBkh5zrNKrGMUBgXrgh75PMMEeKQ3f1tw,OGENTmmNILJLv_26PEvjwhdcCdq-OsXkyVuANe4Xmf6llPI,epPbZgJmtMz0S7HP9WJQpBvhuvierAaI3uTF9NLuaCU_MWNOPtgNX5OqEL653VcSRvuakqP4LBHdtg,6766,1736262485670,873,CHALLENGER,RANKED_SOLO_5x5,1011,192,158,True,False,False,False
99,CqeEH-KkBjTWihWGksivbl5bnLX1DjzpfhpRB9G0Ro-HXg,cw_UqAnv10d2nLB4iQYOghZ452itpw1VZ4YU4Wg4Ym_KDbs,W_cGvGbVYtoxF9ivvfuOIN0tcoxBrFgtvBqAmhUh-9YKkedxf6DMB6Bw59wQgA3lNHq8IzGbQXijpQ,4418,1736203316008,1251,CHALLENGER,RANKED_SOLO_5x5,1009,176,129,False,False,True,False
100,frhxT15H27IkyE2FTi4CECGFXRGyl9NJwPjoZduRJUHdjw,OaGzD1ZRgqTIsbVL8vc3QkYat5rjp-zAwg2hqbdClPVtAAg,wUUvpSXKYGlspMxAePwFSWsGQsjIppAqRoKkrAZyFurqY78ZFgsaVtdw-dzjY1etTD0WbysKCV49Kg,3524,1736124906000,879,CHALLENGER,RANKED_SOLO_5x5,1007,290,245,False,False,False,True
101,Oi6JXFvEahn0drKTxn84mMpZboxjno3fpjYWWiOcZ1Xs7JY,6vJ63kXB-CbrKXVp-tMGSn21zXjHIQyTtE_JtLcVoKnmCtE,mGcRidDhG23kBI25GBMN47DE7dZeaEvKfvSyZ1QXRQcGrpS29USA3a3_jekT-UQe_y8A-yh9fpjKXA,1588,1736138634000,1199,CHALLENGER,RANKED_SOLO_5x5,1006,185,147,True,False,False,True
102,XC5vUET8FQTx9wYEUzy5vNItDftz6jnDfEIsHH-havbfIwcIS70rdljMSA,6JqKhLh4wm1QiZpqujACVlrpcBcaO81W8pjo_21fICDhkAiRCYAc7jrV,FuzWuubuC9q0fiTsXlPnpuoWfq66eMuvpldw0UTl9-p9lT3hvAr8odDSSwXO95gq4QocXGf-qxiiOg,6759,1735832490000,133,CHALLENGER,RANKED_SOLO_5x5,1006,129,77,False,False,False,True
103,hGfc3X6xsm9pkJm-Iam85h81UK8fZG-P9aS-oU24cUiMT8E,RCvgs-fjtSdvZF9RyW1qocaadd3EqTGj7d-oVS5ZTsLw_zI,wTn-1FpyQLNHkIs4_dWLl75hMcYETqlPv9pueAKeniYfwny9y2HmhnXur8GUxS2DjJcGBX1XZuluwQ,3787,1736263540508,726,CHALLENGER,RANKED_SOLO_5x5,1005,274,234,True,False,False,False
104,r2AppHKsRR7nMup7_pYM4Ob96yNcQqVo-_qHx7lENQJAUA,mEcBlTAGwWStYw2yGDeXiVLLL6py23sUEKjdjTncjVtizAo,rjVmYG6xR-VdJ6xzWSYWYYFHJBmNOoB4Uh6HA4zEhA98zo2WrXp29ElnR2Y26PnFNW6D0qegLw_rSA,3505,1735929491000,321,CHALLENGER,RANKED_SOLO_5x5,1005,94,48,False,False,False,False
105,EFT6JCRBleqPbsadX00myl-0WtAcHNeWWny2rpyYu52A,zGo_k1SUJo4RgXZb0Bs_kCUjgai4jA0B1MXdp05ztjs,v6XwSb7wupc8Qg3x-hezFCu0H7qYrk4OQMoNEnJWYL-KmAUzT_u72dLgxIjIomRbZe2n8muKshqG0g,6208,1736145683000,1275,CHALLENGER,RANKED_SOLO_5x5,1003,118,74,False,False,False,False
106,TGQvuKD1xH3uBIA5NrB5aFd3Err0bIt4n19Nh67KujO94sg,te9Cp44umoPtOnBGKn4264Jgdi3q_byBIxpo2EcsT7Jow1Q,Hi5n73Qg_ApsdVh2vmfnTUVqnIoKjGEMiztZgMzpi95tLzuD6kSFxg3dD_IKIyf_Ev0ugEKYvn4sUQ,2076,1736168775000,1084,CHALLENGER,RANKED_SOLO_5x5,1000,278,234,False,False,False,True
107,dza93rRhxIHj5l8boi9vbw4pLAc0gCi1zHM0xfElM4LQ6g,Q-e1SnCC2vocHmm5IL5ut04FZaCk_tfDC7hMbj5GeF4fGG8,9IWqaFEKZyZzdHJ39H4wcT2DZyQV2lm904FoyaNQOpHDbtyGS_whYoLEkxjxbWthvfIwkufmbPAO9A,1589,1736038629000,749,CHALLENGER,RANKED_SOLO_5x5,995,137,86,False,False,False,False
108,SeHKCWGJOa5ffhfAbOlQf_g0Y1SKYk9_wI0niLHIW0q1GQ,luzf3qq-ATKIJRg8bnNDIbyOpamqrEQrlCwmmwDfe3jG2rI,KPpQdBjO7RdWJo_y1-N-EbZgKnVkZnwlH29DPUuXQK2bTw12_t_03yfzd8sKGzBf-pDrB0BceBRKSg,20,1736221862211,895,CHALLENGER,RANKED_SOLO_5x5,991,266,227,False,False,False,False
109,Bl7pchF7EHUpP7FGdLABrslcpn3Lzww1VAPNy9U-XF6-NQ,jrMvJEiAPVNPcJKCbAvAL2VFq1kXwUFyrxZ6uaRClFlzLpo,NPTuL58y_Lvh4dlg_DDR3w9At_SJz1msxc1-K_O2mnRouKFbFOW4BJ3BnhHh-jrEJbHOW-1Cb5C7wQ,4832,1735432746000,466,CHALLENGER,RANKED_SOLO_5x5,982,126,84,True,False,False,False
110,vprhXcmn5dpe3C_A9nXwYooTWKYmJh16jRTbzeJrzWFHWg,ZJJRkiHkCgWqBQOht191n7D-c0de4qNOmr-1sALflxF-hzA,H_BKE8ntUHvYMNGh384PPcIp3KGIiSnvT2TZNzObICdzMbO1rkKPlxScC7JMPMQy0FaYXz8cv4_9Xw,6265,1736180042000,1019,CHALLENGER,RANKED_SOLO_5x5,974,237,197,True,False,False,False
111,Y7Y9ZLPnyj3p4oe3W_ySnl7UtmQ9U62tyedjjrPRcE7Wf08,gkHPDg1r4_pOryxC1I0qOUVkrFlauEgMMAvEnVW38jgBcRjkOl1qA15x,lpSzrJl2o0iH3eThnf7h98RM3GroWRacRTpC4xER36JEsnxgR8EsTpXSh4OnuUicxwiNeVQqPGVXsw,6766,1736214036195,770,CHALLENGER,RANKED_SOLO_5x5,963,273,233,False,False,False,True
112,yJ6VcMkcfLh29eEPbfeK8fRzAcYFb3Fd9bxGhf49czYNS4w,ArL2LHrltz-rOfhGuCrpdzIf7i_hBqd_LPKoLPQCGF7z4EQ,EMb6qNM3t0EPOlYP8QSxATo6caG4gl3ZCMbhTX5b16mIaH2rG2ctWiqqhu1ee0v2fBI3y6Jx_YhXhg,3589,1735921134000,746,CHALLENGER,RANKED_SOLO_5x5,950,283,241,False,False,False,True
113,Ycl20NKqT_fWkBjRDEUH7ZQkY_rthuMX9CSqMgh7Psjojw,gRDrf80UdqM_0kH9zXxL1vRfexL5ivkWaNeNhBCpKF01P4o,Vm-Ed5DJGpGMRv7tl2urc6JjD2nbsRdH6NzOXDSRHKP82ewfru7lUP1F-UPzKqQbkfRfspo6-A9JqQ,6760,1736257521000,1149,CHALLENGER,RANKED_SOLO_5x5,949,287,246,False,False,False,False
114,7LWJhPRLKhLrqmYKcjUhFDDy9A_UlW8y7SJDARa1RyBOd10,Q9puTRiSxvVlbflhTXP5kbvDWsMbsn0M93S03pJeVEM_tZE,5DH6cun1tsA0jjdOOb3XT5gzIm_9vSrnGrWTQaj_M5WhU7iTsv8cYx01cmyFvr_iqKvgkOAoIn4YjA,6498,1736201557783,1091,CHALLENGER,RANKED_SOLO_5x5,949,287,245,True,False,False,True
115,Vv0jbcPZsy4K-UXHrqdWllO3vcUxNxepJE0WIvCTnkUQHw,ABq87dr7E0Uy8B2LcZn0zurTpY0rbJpuz61c52FMqncLM28,7QTq6E0ada2_kwLrCxepaU58-K0YiaczNmyHDXIXnKuNcNuhuxMqQH9RT-ByIx2b79iZmSK5KO_9mA,5723,1736232294068,1275,CHALLENGER,RANKED_SOLO_5x5,949,91,42,False,False,False,False
116,WNHo9D8nPwRldp6rf2aY49uYRdjvs_FWlLOlbh6olJn2dfM,x__2qGXIfa-JsBpzU44_SlJORVFILwO3Q-Mk-8DpWgLkBmI,22W4_iqv4tWBvYKyPKwZv2Cd2TOmtgBzCJDHWqi6p4VyyluseH8FbIm0aRk6rdGvge2murTak64gQA,6680,1736239528633,709,CHALLENGER,RANKED_SOLO_5x5,947,310,276,True,False,False,False
117,1dMAgbi0njbpPPdX_f6WwQb6JTY5nMkvI8XRn_U0rwReMpw,03vVAY5RwLrEE_ihnJXGiDNWm2FuRXcxwvFaJckM7C5Qeqs,PmAaNQGb0pBB5DRdxz3ZUSekIVv-vReONfsny9Ic3h5PzgGJD0QM1Y3NWuip4jpd8BXl0bmh1cUOrg,16,1736060891000,466,CHALLENGER,RANKED_SOLO_5x5,941,189,142,False,False,False,False
118,V4WUIiCkp2g4EL3xnJhnXHgK7tTUTd9Aor6x-anUCWIz,Ny47C51lbx5R-gC0IOM_kCfiTkamGZuFLBsLfN4tePo,m_qVQNHVSGIGtXuBWtG8aJamP8Nf6NWxGcRcmC9KYQwc6bWfUJV7-gkzRgeieL8HhpV3MQT_qMyEsg,576,1735133428000,90,CHALLENGER,RANKED_SOLO_5x5,939,105,48,False,False,False,True
119,HfVO5U26d6eO9z2bkGPieObJ7ekXuPHuQz51IZuMAVDVIl8HwD-PO7eu_A,e4W1PuRPlhbz9UH7R7yHkAFg3rububOIfi4V9h3jpGbctsvOljGvin4B,gMBztHUpSl6J7kZj0z2_HAJ-HsKpSzgwxiM5mgm09r6cv2cE21zgNJpQp8KRbq4-6OQeGt4hwccUaA,683,1734746774000,54,CHALLENGER,RANKED_SOLO_5x5,937,182,111,True,False,False,False
120,x4h7mJ0wXB9mL54SyiREiuwtrcTup4GPXQEpMmCrH_I2BQ,Xpzako1jBohLwYxtban5qMZTy6umXJunfQEw2mkJ7_n28Pc,Uc5dHsky3yAG8ojS4DopzISvawMJvlGQP3AzxHicSSaEDjYruf2RwbzHp67h0Yol5B95JPHTICFeAQ,16,1736167819000,693,CHALLENGER,RANKED_SOLO_5x5,934,344,287,True,False,False,False
121,7V47xxd0Bg1bXEcWQXhpEjra34nZxbtnYn76WxjPGKHxMLE,1h_YtTZd7JlfQXMRSabehW1pTGyYf_uzjtpEpfLjYyQFNvw,GtLEL8_oWHN9NuxmIH8ItZ-ld-t3YkGYnPNlycjs4NZB3ogxjeYQK2ugpbH1Fqn_XRht0lzpabcEag,6236,1735642891000,950,CHALLENGER,RANKED_SOLO_5x5,933,402,357,False,False,False,False
122,YBKJDlgwhJsNS-Ag7jiyWzES9VY4nR2SPd7nipjI48tBlg,f8w7horMpFlmRM-Z667aAvLLbS8EsI8d1k0Ew9ufe5ABgMM,9MUUQnpEbSIE9WqZcngOg6SjZNrOpKfqx5Jl-k4Kykz5jUiTc0t9vWIIw9dhDCaxu_2mqhuwv76R1g,588,1736241019000,603,CHALLENGER,RANKED_SOLO_5x5,930,537,510,False,False,True,True
123,aqiTFNe5SXd7kfMeP3SEh44W15wt4x2Oc9VlyydjTWrLlbe_52iNNgfn-g,0Q5Fns_qo5K_uiFHF98kYgYlsPCgWeFipzBpdYSXhqlBofZ_VA-2n2jF,yPm8rsGsu99nij-7ewjYTtNVl_lgk1GgB4nNm1zue0E_j5W_1K1JKv1t5RxhuFYfaeH-Mvbc7IEERg,6492,1736208082489,254,CHALLENGER,RANKED_SOLO_5x5,930,203,161,False,False,True,True
124,jrzDeTfhEyO9HLikRPY3q4JFuhPCCQg93SPOYyiuktLcwnmgsKEaZShG5w,qaxoWE2ZN7Dy9a9TUG2FpoBijiRCS5LoeG8_2Rh82RzwfPYFHUUiD8Gu,iPoKZEGkvWS1xKiwmkdjoJGlnqMsDQIgH9G9SRbVZNpt8wka_jvkH_kjjpHETt9A0G81IkoCalGU0Q,7,1736255252393,269,CHALLENGER,RANKED_SOLO_5x5,927,429,393,False,False,True,True
125,f6S3eH_30FAPghAvMQSvqH7j63GdVgTtRjJqnGSzTOvRBps,xp3wF5M0pe8sqwITk__q-VjMP96UzIYMTUgV8Qohh5TuO7RzsWPvTe07,Bud8ZYieEOfEJ7CdlPjEhyVJ1qt0FtWwVTzybzJOm0f8MSfyT7Ch3fME-BLIMoGD4imfLB-oTYzkFQ,6693,1736063856000,1476,CHALLENGER,RANKED_SOLO_5x5,926,226,187,False,False,True,True
126,29-FTFBCuxrRSWj_2MOTv1p3iHTN7bA_zVj5B8nN-e3jvA,t5c_QggFDWTKMPEY4Y9ACKTpec9LNR7IfdSJALEBd1KZ5iw,0J12k0IHAl_Fy1W44dGYkZS9pztyIckVM9GJiJQX518-fo3kKEd-DLuTTRPdIH9-k98797KNqmrFeA,2076,1736232652446,200,CHALLENGER,RANKED_SOLO_5x5,925,122,70,False,False,True,True
127,Lah7QEOCsL2tNxTBTQ2yYTHsvOdwrtYTB-_z5_X5ET-4wFI,C0fLFkoUkuKJeqcbPOr3yrr5LcKRkCSGtzytthhuZOZVEYOLL58rnxDP,vYOxigpSFr0z9RuG6_qmlIxLEJQ7NVXwjCoYtsPkGp6Pop9uV3NpNV4y7yxAe93OERWG82-juXaVSA,3152,1736207665183,477,CHALLENGER,RANKED_SOLO_5x5,924,177,141,False,False,True,True
128,b15wcbZ4m_vudq91LiHc_ntxRbB76gN6aF39bSKvT9XHjg,g-A2LiQRqVlq3b3nEjRMzvH04My7H0EbwuKxAxDiEcdk,J2MCaE5ii4oTOOsggKGWHeKZjw6VWgb-_0Xbg91Ouw7FmnnrWl3YRLpYXf2LEGZlSvPyWYB1cICXwA,582,1736173799000,913,CHALLENGER,RANKED_SOLO_5x5,923,236,206,False,False,True,True
129,MkaYufzL5Hd7-oy5f8mLman2mIONGIOaVWQzuDTx6_eWFym6Yk4BaFZk3w,N-hLYtpZFrghZhVS678_OQXMDYNKIJtuxeNja2YEDqN_Ncp98etSZOT7,pBjr4lTP9tHevzkhlx8ZLdfg7kIAPkemnaKwkpU6ZHPN3hEnh3C9-3QPVuj9W2Gc3w2Y5KRuzo0C6Q,1386,1736145309000,65,CHALLENGER,RANKED_SOLO_5x5,921,151,96,False,False,True,False
130,54nbtknDn2J12qtV73HDazcvNpZKOCHoKJ92Pt_EFHdZyQ,8mqBAPrK-DGxko1BHxWF0ey-1JWNZ-l3HjFpmQd8DdKrn1A,k9iXmcrYkTqKSa3xsyLqJZujLtoC-QRMIRZhIWw1RgMUHIp422CXandHhgP1a75jgoNUBYk2TkSDPg,6762,1736128289000,1003,CHALLENGER,RANKED_SOLO_5x5,921,92,47,False,False,False,True
131,IQxvjD-2hohOkARIbYjI8njNAh0SLaVgv3dmrb9dvdf85JHx4ddF0UxoBA,MAyZXFdkpxO_u1_9VVoKebfBJv6QFAdNUl5pHtNZhVe-fYFiXgX0DALx,4Y080euMe3jQmYc2ILgFPl-8stz6I8vyEt8Jnx0ZCgtirIFb3Qed20UTBtWZKJehgnjX1KLWZ9ljxA,6771,1736149747000,309,CHALLENGER,RANKED_SOLO_5x5,921,86,37,False,False,True,True
132,FUq22PSb9m1XSEhBBpoi7ICFBarC8BYKpGSeJCbTdlTKlqWWlcX_ZlVPgw,XEz-BDCesG8n56tFpDJREsRtjSgXP5nrPDCpwt6Rupky7R1jy7tzL6xV,Xnlq52rtyV1G_G1yjJvXgRK5y-cY8_sYWd_WJ4qiUhsU87P1KqeJiqSq_rPWHiNhrxzMd03gANx7AA,29,1736021339000,193,CHALLENGER,RANKED_SOLO_5x5,919,221,180,False,False,False,False
133,OnNNPBwghdA4kreTCwjVICectwXlazsY2syxbV_LE-rFYw,y30VAbmtD3EwyUOH4HfiRUiTaeTX2D_pIpSherXOtn1REFc,leF_v5VTvffWMh3gd8sAzrhx9IC7pyhNQaMJUfblBSB_KopZm15rynviUYQgN-qFTo0lk0EUlVQ8dw,6760,1736190642884,772,CHALLENGER,RANKED_SOLO_5x5,918,246,210,False,False,False,False
134,-br-J4mUp2egD8urQUXvJl91o6MUhQ5i9w9E4-Qql4xFEQ,G9ooy9_HLuY_zQh01k-GQl8qVRVLYtsXgYKkEfdcs8h0URc,Nqb2jIy9ObF4DKGfERIfGtYfs6Nl1IuOKcvH8Wft8pJxKEa2UouYz3N5G1wY35T3ruitqk1pH_xOJg,3150,1736237075000,56,CHALLENGER,RANKED_SOLO_5x5,918,193,103,False,False,True,True
135,uc7uCVCd6wyi8kbqdSuWltjJmZ0nmTRjyT-guA9EF0S8EA,f-lrEJ2fGpYDYwyStEuT5WxwbuLYGNoM8aHXagiFtJ8uB7Y,KatCspi5BYq_d3hEUtSeAunC8iYiKH4gmL2lkGpZOQgNyMqmA75X6Hiji95ksBxYv3EL0lPKdk7oTA,970,1736251113976,631,CHALLENGER,RANKED_SOLO_5x5,916,68,19,False,False,False,False
136,Hgj8McZQ8pKX0KC1feB6UpGn4jfCSxgKscfCSkYjLziqyaw,oMoNUbfV_CmJDHq6PHPTf4h0yQ8lkefZvaXlkL_ZMJY37pNMu57iUEAA,w7u114MN9dbHAO7unlB6F_UNT0Xr4o6ueDtT8h8Sj42fQCesaJt4J8O2FCkOTd5N6jO1d04Rfhdwtw,23,1735968341000,189,CHALLENGER,RANKED_SOLO_5x5,914,120,82,False,False,False,True
137,zY_2AViH30I1q814H1kJeDI83R6oe5NRwEm_EX2UP7iB8A,XkoJP6ijR8UjkdZ5wqgCNMhWiETI18p7mtlO-WKZEwMm,o-KMtB1e7jsCHIy7D2wHIrbIZL6KkyoNj7uEtLU6MDrrYfVdbt8cRn8Xa01LsK60MXWd-h9WEihHew,5429,1736177847000,205,CHALLENGER,RANKED_SOLO_5x5,913,103,62,False,False,False,True
138,RDd3vFHCv7Ev5QbZU7xuKNYNUtfyE39Z1-NhZlVQAMbsZw,IEn7Fe0G3J4p4nM3kiscIU7etq1E4YS-Elz1ZwcjmQwV3Xk,iyrhjoaCu8Qn4jhmn0HPOyTM2r7xxbG-UccD4n4RLp-EgUV9d02DpXZ2UToqr3smLglWobv3psmQWQ,588,1735685057000,1185,CHALLENGER,RANKED_SOLO_5x5,912,149,100,False,False,False,True
139,TfIqse62-kEV5xPTYuOHC8KvdPP9IW3zk_LRamWvDxzeWTWhSK_XLxPVng,fNNj-uOXC36a6fVYgwqc94-K2iqkAipVNbWtcR52Ya6IWGV7b5KsvxoH,o_c1PZArJhrpd-tFYYwqBIjSjzUnkH2fIgdLDQm14bVN-R6SSIUh3OcwISBfgCm3qsLl_iAYYKb5tA,5269,1736254222436,412,CHALLENGER,RANKED_SOLO_5x5,912,116,79,False,False,False,True
140,4ZxnWmV9odcMEiNNiwczBKMbGvyYjM5nONlOShsPdtbPmA,fHpjj94AY-LG2mjsmhkiMTZL8wFzzyRfpq0iYwT1J-ozO3o,aKJHgTu6ROa72_dF1Lir6R7NfUPjzzJu0pE1zWB12rdMG_s5iPX6oHKTHOxAEd4xycyJ-CVFGncU3Q,6752,1736195534613,611,CHALLENGER,RANKED_SOLO_5x5,910,178,127,False,False,True,True
141,TJE3D9jFAUR5Cz2M0ieLNjjOUVhbkV6fIax3mfJifnbNUg,ujXlmV2ZdDYGtKbMeNHxRy2e7ZyWcDTxTRXDRsMjG-m0,JZ1v0ikQmGoqvqGMwDRgiPnXJvHYL2yddw3ijAoq_rMk8BT6Z5PTD3_aqtXw3Qo7c4CXplQuRcHo0A,6281,1735451510000,1055,CHALLENGER,RANKED_SOLO_5x5,909,225,189,True,False,False,False
142,LJJL_-YBB5OtxJUfm8Of30qpaWfcZtJdEsNgYb3KG_LdMlo,WBQ9yROiajBI7Ilc0zt3jl4nQcLPBESfrPek_JjG-EV8j4E,fk5MMqm0PoFv9B-VpijYz_XmgoxHxNVs2lkvOh0yfnACeHH998TVNHyh-4DIGvej9mK-7UuHrYyPaw,1109,1736263540508,712,CHALLENGER,RANKED_SOLO_5x5,909,169,137,False,False,False,False
143,7aQ9Ne6yTqubPDhdSUJBAbuPH7To7DS1nQwRvhNVydYDqAU,gnfABFfsyCtsIQ3rZLlQjLmxqwsCPlOyca9M_Rcat9YCvOQ,xwCiPosJ_n8hGM0TBO0sVNnduBDDwk2o7kgYHhOUqhQAXqF17A1ltccBH6kA0u86xMZ5Y1hcKTiS6A,6635,1736218536233,874,CHALLENGER,RANKED_SOLO_5x5,909,135,95,False,False,True,False
144,Yz3NEy1Bmp3RXb0nx2OaKz8VgGJ6NyPURIcykcwl5DdFHA,i3njkh0zG-wwgfYk07zsiDueHJZaRNcrmi1gddz9jEAqIO8,bDqRKh4sXkcuBHXnYAzqJ-4NgOcBZFEJu5JezVGH_cZjhPzCqmqQJbEnxYspNOgxTA6kzI6gC96X1w,6001,1736127468000,736,CHALLENGER,RANKED_SOLO_5x5,908,206,186,False,False,False,False
145,AY7lGPxa_WlrE9hDow-1TdxHEN0q8sNnKtocwXScypxPf_o,sjlxtuA4fyh52ECs52zicQXy5a7ktwAwJL8HIc4ZIy0dnLo,g05Wcm0ecUJApOAr7-sO5RtB4tiRTHWFcyjBITp8bEjhokCVa0uasEfLUwY9pq-Voq7XWOu3kQ-7Ig,6335,1736049114000,823,CHALLENGER,RANKED_SOLO_5x5,907,197,161,False,False,False,True
146,Da8KD_B_ZRhJZmJWMTrg3MWpqe6sc8Zth4sxUESrKPLKivY,DNsUd8Xe-vQUrHZs49JKmGu5Gva7YlLWwsw2I_Lyu_LqRKc,bSxq_rLHoCk6Is3DT4S-lbVxMMbFa3oZ9h_A1XpxGjh42Rnhc2DaJ5uIZoxoJx1OavK1WZE1x00UXA,6749,1736112789000,319,CHALLENGER,RANKED_SOLO_5x5,906,252,210,False,False,True,True
147,-wZ-hwKuI5bdQRcM1FncjDzcpm2jbnDiQG30y6AFlVBF8A,ViFI-r2qR5Ag_rkDUKEAxCc6Aevsj84CvDJjQUb9KZQQgqc,RhU1C1N6LANxqLxTKZJreyvcLuOfxAbrMtGbJnpCIQ70VURf-07s50Y9Bh-0kxVreHjwEJCf38fvkA,4631,1736229900178,1068,CHALLENGER,RANKED_SOLO_5x5,906,107,70,False,False,True,True
148,jTbcjy6qbUgW2BZDJPfJPf_Ut1mGrCvkNriJGjwhxCCi,Gug6HCt5JoffRJwWrAJptgshhhwP4ykWIMk7AJWJSDc,A8CEazz2japTyCUL1A1rnHP39WFnnWKmWa4dqpUsK_WuWs9Aq6OHF2A16-KRg7SFju_eC94mAzl5UA,5988,1736191515227,406,CHALLENGER,RANKED_SOLO_5x5,906,102,59,False,False,False,False
149,67vf-yxKdAYoetBUMspCXS6943LqQy7W8q5NNmzRJXYXCWI,xXeiUwFcDve2T8CQzcMgCObi37P7Y8H29yvPteIJwxN8Py8,QZl-DbuXxkQlrDDddIku6hua4fSNJBzaPWOkQj42RVS7fjpfFstADTXg-0_kxcJHDI8fLjMRdCAbUA,3868,1736259843287,1064,CHALLENGER,RANKED_SOLO_5x5,904,260,219,False,False,False,False
150,vTSbKImmdGA0PSy6AqVClXOln9TERlGeybT26zplmWMEurc,0nuKTTQ6V0dP_lk9Bmzls1tqp8geWGfgX9wuGl-Hho90joo,S2tbdz8ZYJXT6uChbC82gvw2V3zP4OXjO3HZiRBqgvXzJDYT84P8UjY7M-SkasMYQZmePs-7DL1wPw,3790,1735876777000,626,CHALLENGER,RANKED_SOLO_5x5,903,259,224,False,False,True,False
151,aDKFA2Apg99TQ4cxFVwFAahQS828L6WFYR47i8BsASxHvw,ZtYf3SSsHPWzJRqlk_W0s38AzE4RVLUtaVhL-lFK2TpxWd4,XuSVPqwQb60PHdvRgoPc1RIGO7P6MLnV8tNPdRmMAvUl_iHzVI6WKUKUpJrxQhq39K50rAfsYTbKsw,6764,1736228436747,1512,CHALLENGER,RANKED_SOLO_5x5,902,227,191,True,False,False,False
152,AUIQUJ9Kjk03zmARRojJtjkpJyz3GGAb4Xw6_lZbTf_9oQA,duNMgf7yk5rXk0y7YdU4_T6ITet34M213XIGkbDSXM9srE8,z1Ql-vp5RT4FogEl2HN38lM10oe71a7FVnkwfPV8cHiWAAPzOnmW23FHwwBt7OkDxJAcZXNJsBkQPA,29,1736136336000,1258,CHALLENGER,RANKED_SOLO_5x5,900,306,269,False,False,True,True
153,nVG4rlmp93JPvb0nIqcF-viAqZnzjeSRg5Pv6eMZ9itvrdY,U4lUIYr7zBJMh1pdGb7DqohWb8ZGozzylix53AMHKEQRsvc,a44KPYxxy8CVeMJGevsqXO943581IG1z8Vk__-w31zSStetuYDWu3QDs9i7H4iaAqXJJt65gntJfYQ,5638,1736257753253,1183,CHALLENGER,RANKED_SOLO_5x5,900,83,40,False,False,False,False
154,oJfv1DLkCdCZTKvmOXHYQGS3GZNNb6GgGYT1XU12PVDOFw,1IQfYG28we9vbTGCotcVNPUahBdOOSp1XsXD7_YGuFFhD7s,sVurFLgLs-w_qUuIv-d17x3PNv9jAErOarRZie5UV14yQaj3IqwsoCduUoAKLEmwRnjpOh11ZbMYOA,1588,1736210491931,278,CHALLENGER,RANKED_SOLO_5x5,900,56,46,False,False,True,False
155,p8i99uD8s34lj8uMi8y2pLKmwNRS1LwEwcfu-72PLaKA--M,uUOleYy_9tHXctCnY_51XE-r65-xxAUWaNgQs40frf76WE4BOTswxLKz,CQCtvcHjT26inCQWNBVRJEEz5emUGd4497qxCsN3UTI2CP1DWmbNLiRForOT1HQJOctj4iwiuAyjLQ,5487,1736199836756,166,CHALLENGER,RANKED_SOLO_5x5,899,191,150,False,False,True,False
156,hijPdR_-GlZ7q4DjZAEdDCWbtEg4wfLGrx92QpfVqxutkA,JxoBsayrePKArMTkockp-6yea-_BtaK22y2LvXjGdrLSl9s,Iy_MQLY5omCnCSv4_km40zAWxglY75RoYBNlH6tEDFlvFtHJFiRef4idHeYifVxeKG6vF3as3I9TPw,901,1736208361975,1149,CHALLENGER,RANKED_SOLO_5x5,894,225,188,True,False,False,False
157,SyPaO4r2iLAtUReNcy0OV-k6ZoJ6jMGKWcuzkEYe2RZpo0Xl2rRF_kiwTA,-9Q9M9N8s3ow8AEvck9KvTGcBD0jjuACFw8qtZi6YKEvBzBycSkrBV13,NkOnwQQmzDpb9Q8Ica4O5bs1v3n4RHcOcygX3BfdGzimRNXwVzH2atK-Ed5gxkSNcl0Ucu4lMBaMDw,6766,1735312828000,49,CHALLENGER,RANKED_SOLO_5x5,894,88,49,False,False,False,False
158,ljImhgjSEUIvrKbWQashx_rpF0PmByZFd8yFn1YuHWliWJo,GGKp8YAO9e8qQZ5xC6dkPhxpOiU9H9LvJ8i3ifU2KmmOrkQ,dM1k-jAMR9ppLhdrwl6HIMCrVtrMCL67vAIF_olBnggAorSZN-XTufxdTPqaXp8UsolV5vqYwZ7ZNA,3838,1736256794174,954,CHALLENGER,RANKED_SOLO_5x5,893,138,101,False,False,True,True
159,CJh99-OuU0Ma39pucmRGHYMEZMr1FsQk_TQxuTDxTVXGuV4,6SZP0UWs7Wv9D8WI28JQXeXduN_K_gheOXYBSOvgRqlt4HY,tv9PBi08dmwpz7GWvzGtxOYStY4kJniSuib-T3LHqKeNEwlcDSBcVpPmSlbYfOX12cA9IpyNDor7Eg,1636,1736230868248,797,CHALLENGER,RANKED_SOLO_5x5,889,155,109,False,False,False,False
160,4KrtLTPVJF9YaxFkueyLQmNnyx0cSN448Nn5woPG8jfCYQ,XCh1Ds7vGRtK4Apt7Yb0KpLTwTkyPidat6BZo-5rRRG-MEE,tZG6oESmo2metLsB8sJWfmcF6O6zHx_q-gbjR8LK7onsVBxHWhNNr2T-BmN3lCMCv2RQuY2N4scGlw,5584,1736168521000,629,CHALLENGER,RANKED_SOLO_5x5,888,140,98,False,False,False,False
161,4A6iEbDZuys8sJhI-LRMdpioubaWsBockFFqCJucrqGVXQTFY5XHKwo1gw,TcxqihILmaxoxk4530CunyBi9Aa5CsktnHxaMnbMVsFPq7N9oDcoTZPy,ciYsCXjvp_3NP_unfCyNIIUboPZP_Uh1o5_Xkn64ZyvmZAdb6VFU_F4Y76xLWcrw7HJu9Cz25FL78g,21,1736033994000,202,CHALLENGER,RANKED_SOLO_5x5,888,134,95,False,False,False,True
162,tDeYaglJFbAxwEh-mt3kKoFrXXf3E25NhpD5d0oq8iZ-nrQ,eSxuOMeM37m5KeGezJqugA0rzDyJ_8Ndt4dyQVzsM4Sxg1Q,gYHLGJqV_D0MjmIjSQ3MB9EvmaKmjdI-qm0bCOpX-w-OAZOgvUs1STn7Mwqpug5X0BiZZ2rx6pLCbg,6436,1736220099261,655,CHALLENGER,RANKED_SOLO_5x5,887,154,116,False,False,True,False
163,aQh7trvvBQdio8UEoSWZS7EVsNVuN2MqmRGeaIbCNBNyS7o,RontRdPuatxJIBmq2sGcHEaugHf1cHn_7tI4AQK_PhAE8nw,UejHF8FX2CF7DEtmYiKu5bjvewZDwR6Axd1oQlVz4_VpccRVUl9Q_nwna-_4je1dVk6C8ib0OZ3g5g,1133,1735771403000,774,CHALLENGER,RANKED_SOLO_5x5,882,285,247,False,False,False,False
164,R9VY8L1LgThW5Ent4fdepgOLEL3npAx5igh3Lb0nlxtYKqXQJk7wG6wIcQ,VqnqEbsTBa4bUvPvq2nE-HYuRODoGBL6Hq9pV65KKCvOTQPg7JR6AIBu,Ptf3rnXSzj6zCxetOlpbRddOVZTVLAeAV5MKhjq9n7IXwqoRLa-GQko0SkAimbRxFl6Wizt4c1S3aw,5530,1736255244644,892,CHALLENGER,RANKED_SOLO_5x5,882,267,231,False,False,True,False
165,MX4kIcValp88yh8v6siMTQ-gYSzoob-1FoentF41NxY6UGg,k146dxHsukiVX6Z-0GsPNcJ4l4uncMME3Ybvs_yxfRjvxGY,VAoV2JbNkZavYB5GBZ6k8k3QffiS8XSGVn1yEuuw2PsTM5o3Fq55_mlIQs0gwwCd8eKJSbxYJ-b_rg,6766,1736237484000,1086,CHALLENGER,RANKED_SOLO_5x5,882,159,121,False,False,True,True
166,irNmRb1mcmyPJbJpIHClzzYksg286umzgaOVLs4LDeVQNg,P9-n8RUzMdUxCtAeFlueEfGm2IVvxbU_uIri5mxT_lw,M5k0K7qJ18IUZi7mrSePyJGdXuOyXUA-67ChelNx6Ar1Pr0oywPrO3G8w4JwvYtUESFEOQwoa_2WeQ,6435,1736176062000,802,CHALLENGER,RANKED_SOLO_5x5,882,81,41,False,False,True,False
167,uOWby-jBJI3ORZkHlqHt_aD27BU3k1xw9w1lkzaUP7JRE70,J_Miua6GlVYys1dIemIuHe0Yx63z1OHZxfQd6E76TucdQN-oF2JveJfU,qoNzWbvYEF_kAORZYQ9yzyln1hdKNpACbEVpJZHh0hD2ue5HceK1hOf31JbTip1gmeOfTVpBWOui9A,7,1736197301646,402,CHALLENGER,RANKED_SOLO_5x5,880,182,137,False,False,False,False
168,JuwSem_nOtPcBqUt6QWGSJj-vYXJIHTW_bMQHH72xIYgPMI,_pnWrcw83U2dMAGlK9MRPh6FnW54XuuMD7OBhbZcctxQgvM,swD6Rh144tgDViolEQn28IObUQU5r8F7dcJr-gyMbhudEMBTZJTBEW0TgMMr3Ste_LHmEF2r1mM2jQ,5064,1736207708000,710,CHALLENGER,RANKED_SOLO_5x5,879,168,128,False,False,True,False
169,aGfMI4gZ5XZVrCDxjOjzWlN_z6BgIeuNt2nHAnn293bl,c1B-AkAjj5tkH72FFBqonm6llH6xHm36N251n2JtHtI,-UKFdTmX9E2jAohKVBStEvs1JYNfChMynigzW9UhTP0PUfEc-v4GLrD7Niexa5gx6pd-XzJqGw1MWA,508,1736108270000,354,CHALLENGER,RANKED_SOLO_5x5,879,114,76,False,False,True,False
170,twQcwqI7dwGFGHfr-VPh6MOAyB4cyrv_EQ2LitHckE2fiPM,5W8LjRZgCXcKGN9t2G276j6ejGSKceYV1S6ZtZ9SnnTjlL3r11Kpezen,4k7vLQiKWjAxxHRMACmxlL3ees9LPyLJb6-maYHtQLnaIbeiBYXhBE7KL0AvI8hSkq5pu5_wT27_XA,682,1736148059000,360,CHALLENGER,RANKED_SOLO_5x5,878,139,97,False,False,True,True
171,n1O48ZbmKvo3wwhMD_4Qp-BXK4hsQBMqVyTA2hXCfQYkxw-qKyhIMF-Otg,6ad_xAmCq6faDAAc8fRaDTaaXJkeHoisdagFAQZRgCzKMEp0QUavjXbi,lAhJFSKIcZgBx_oi36Jx2glFjvfR8S7mr6VBTrjNyffEZj5gIiVO_k0eC-RolHROl_I9CaEkUAUH5Q,6762,1736217373428,313,CHALLENGER,RANKED_SOLO_5x5,877,267,223,False,False,True,False
172,YAv8ZvTmzoWuan7cnBNndJTSqeQxfzaD-0IdPkilEDR9Lq8xvGo5AlciwA,rksWb5X1dd8fTjm62uZV2iasDLMru3Bwt_QMWmBIcgONvQocx51sqdzj,8EHFKjFHzgBKqBJoE61Xqn_Xvsh55f0BHNWGr3hC46KTbpaKA27zPGjSS8zC2q5ykt2VmVOO94AgVw,7,1736228119184,118,CHALLENGER,RANKED_SOLO_5x5,876,246,168,False,False,True,False
173,BRosvYIVaQ8glq2KEYZII4iJ7_pq69yT65fi02KeKXd2OWE,RCgn_QL6MmFi8y52qgfk0bXwPNiEnT2zi-diKNeoT9uImPwC27GIBlI0,M1ZZY4brAGjJSbn1gaZ_6EddpxET-Gq0INezpZ60pt6plkqk3vji1_h2jSZLZRkiPh9T-wPuEFD4rQ,6664,1736205618727,979,CHALLENGER,RANKED_SOLO_5x5,876,187,151,False,False,True,True
174,6oelugw91DlI0vnFc4OnOrBO9Dj-fKDgR_T0EuqjNZc22w,d1eP5-zGl6RSmcF3FqoWGCeMStptFRhjQRWmfDRPCvFVjQE,E-J2n4eUyf78Rmjke0_BHKH8LO9edIqdru91D3238dySlYVbdIYapvQA4LXX7eIPXy_lr5jTxpLTow,5176,1736247377550,1067,CHALLENGER,RANKED_SOLO_5x5,876,177,139,True,False,False,False
175,nNt2xBCHZ6hP07W2uZneFEefoFyKfrhicEQC3jhggtZFAg,AIY0_1_sEMNXJTjYlo_ea5lL22aHuU9bkwwzddSblmsePpQ,Rrf6koB02KAXHrQmSDNfIooNfn2ji_xFTVt3aYwAgHfNi4Zh3UBYMe3LSJsVxgvW3UGa2mtqhdxJgA,3160,1736143662000,550,CHALLENGER,RANKED_SOLO_5x5,876,84,32,False,False,False,True
176,1NVm6kVXXBIpOadQlrOY-dtj9zbme322MgwS6Mlzz_g5wTnuktlTdbsMrA,u7C0r4RYg2wdyu4PooVb8RCNYLvioGbY05xMttpkcz3g7D6Pnj4cJPOb,nMBZNbmd2OgDQEP2Rx7858VVNKIBL-ES_94SlgLG8SlAwcur-KB6LZSUJVFhB9nXeRsqCjwbsjdevQ,6769,1736222627000,197,CHALLENGER,RANKED_SOLO_5x5,874,184,140,False,False,True,True
177,ciLFsunHmF6mq-fANxbXAonuflU6XrFaAbzsRbrpHgoaeQ,kcpL0s49ji6XX3jRgdbMnH5U8FJK2uDvy5-igWF-DGtw,vB3cAuQkDP06ILW9NmAAkL9QEbq9tMFte9atS4EoR6b_TxEZelYhwr6bwVIg8_H92_5sNdiATK_mFg,577,1736199572039,171,CHALLENGER,RANKED_SOLO_5x5,874,158,115,False,False,False,False
178,WPfDcd1SNXKC0nL-AtnGRkl0FpMyXGUADGDKrsA4tUjuyds,o16-Pq9tR4Ni3UfAELTvQkB1QtG5lHkVxNojO3Je2pf9RyU,DVlrFBBwScCR8vRMGasEq5UBDbjkqaRJJX19XugEdLR4Xr7XTes9gvOdKfB0ApyrMz6BgrTBNMNNdg,3847,1736051133000,1326,CHALLENGER,RANKED_SOLO_5x5,874,143,109,False,False,False,True
179,Rgl6E96grcI5kSjSf0kQc5PTpcJX0vuc5FuH3YsWlwmVNzvdp5McDG84NA,3AUBZInzRqJLyF5hOChNG-g1ndpl0dRjXOU9vkZ7WWxB3uO4iAhO6Yxo,t13s8WSGvG1zfpY2qWqmP9KXQ6kv9kjGq75E8vOtjxG8i50qQspq46rDvbTLVrrlUjKn47KkxFllzw,5462,1736119024000,109,CHALLENGER,RANKED_SOLO_5x5,874,123,74,False,False,False,False
180,lMIWvk-CCrVtJrOGKifchqUrZaY-K02IExLId2KoGEdwaA8,A6FglqAQz-cFqifj_WNlg1PLu9vO07KYoXQavXJQ-6c61D8crrFvRii4,igmxyXo2bIL5DKLn6-HG612ATNj58VvItJhHxPSE-SaRxbUaXnL0x5djTGIFvJSWgh70176DIB29Mw,17,1736129810000,105,CHALLENGER,RANKED_SOLO_5x5,873,120,83,False,False,False,False
181,RZXF2lCxJlckLVOoGi1MoH-p6KjBoDNOwHaaZ8ooqL1tZg,_seFzFmg0f17Q_Q4tV5Eq1yn0iIHVQLpwiU889zFC-7odNo,c9ZYWQgOJNhM-MAGI_FpxvwhLpKq1UVtIOR1MnSfMIBTfmRBEZbHg-QFYcbBAq8_99AreekpbruWqw,773,1736217715527,652,CHALLENGER,RANKED_SOLO_5x5,871,223,185,False,False,False,True
182,gh3bDXchGUJJJ6PVbHSPp7d_Kg7hmetstgmfFuY02t8jb1U,VuOmIwURvVLOMg7IaIE-gz-TOktwqSZicmZ859KeVxrWD-o1eR8rJTKf,58TdDPV__0F4keiQ4PMEG5NCkofr0auUixXeVFtQMgRI7sWWMwD9GA5c5I0Xs-34wMRWeaYv6zcu3g,4661,1736127680000,190,CHALLENGER,RANKED_SOLO_5x5,871,175,133,False,False,True,False
183,22gjJSzNXC92eTvgcrh4BgeWgzSaMV_Ap2EmwfpeJfwFdrYw6dP5Ugf7GA,1d1rdwG-oP7j3k_kGHNCJPapOJuaKiPlKwbtlPmy28u8wSE31nFRZnhp,sR1K6hBwe1OC1t53vEAZpt6RgQ2m00Lfa_0I33Pqt0-fmp0a2cI8y9Dpmo6U4bvVS3ITr0A4In8f3A,1383,1736194469000,96,CHALLENGER,RANKED_SOLO_5x5,870,340,301,True,False,False,False
184,ZrR8K1mIiYmfXD2eF3omAxr_lJPsHEqgFQ4EHr_IeVvcGw,cXa6gvbfDgQY6yLvGbG-oEu_CWdMeOwhZuBIP7rY3Se2,mIT8rQLIaVFvuVfsFJ3uaiP9dWNAw17E0PzU6tGKU4p1TOku3HalDRtzrAHPHVbAqmLQVKkQReh9HQ,6699,1736124489000,648,CHALLENGER,RANKED_SOLO_5x5,870,195,164,True,False,False,False
185,pVu768tj4STXgyuAfhmbHjhKrHAf_81xGxiojAsbUUldpCE,RePfuB6pc2JIDpD1f6OYVHm_MR4jzK02ohLDSFVbwPtoE3I,BdjiROv7kCTPnElOv9q5Gw1djajM5U_Q9GZqJkQNv0r60oOHezbmNebDB95FIGn5suon7JUbCEukaQ,3785,1736002334000,94,CHALLENGER,RANKED_SOLO_5x5,870,163,124,False,False,False,False
186,dTXks2qtK7tAXJutPMIRW4SRLM7Iv1ZlMUucx-6D35B6jQ,GCcK2i6mRWijoqk-I3EMBeBwLFuBMFdiimB9cgGpr_NlUZA,fB7fHbgYBHldHqcTgYkX4COjIWHIwAEO5kisRrG4b6iEqBOI4ynNsPTtmqi_qDdTQYt8C_QCy8dQTA,6769,1736229311667,1364,CHALLENGER,RANKED_SOLO_5x5,868,210,181,False,False,False,True
187,W90r7aMt5O9MHneAXZfx8bYF--fsJxvdVHlEwKrI3cTez2dXHXzDtHAB8g,c4DyIGLwC7-qhSwXBrCPX81vXvylDv-k70iVF16GKwI2meBovkfLCB_5,nH6CZpCka9wqLYmq6uORD9CTeVRP93mygpjQVaU-tzpWxQrh3z__WtkPRkeZGNeVSXvXuNbsP4Geyg,6759,1736180682000,51,CHALLENGER,RANKED_SOLO_5x5,867,142,85,False,False,True,False
188,sejY13_l4IdTTDVGepUS3GvvAXcS-SKe93Y9nt7KVdEliA,yZoiddJJuW6HXxLB4hVMMOMtFxXKsSzrDh4bzTzwlhBnAtg,nZUF8zGqKDzOZ3IpobrB-bp4-z3RhGx_e5Oi121VzA64TgPSRxII6TMuszCj37jbzWTbCUnYVvlZkQ,1298,1735851731000,1224,CHALLENGER,RANKED_SOLO_5x5,865,258,228,False,False,False,False
189,dlMFul25-_3JJ9ndXELQygEW8q3Kc3XR3y2o27ZWS_GMSA,ns6i3NDYjb2Qjihl487oUlQaQsY_1aNOEuI-m_n0M8YHqF4,b9NvQ89LIdNmlAzwpWem-xwWrJ_KtO_NNXuQBPJrdxgfcI89VGQx7-Sw_9cdShaNpasi1trkGskiCA,625,1736116707000,1192,CHALLENGER,RANKED_SOLO_5x5,864,236,197,False,False,True,False
190,k4nz-EcGS6sieRig-MgtbNKpN6e0u7YVg8Y0ri6rKtP_4uo,ZyOAFWjurAFoC4N99ZutdFIL32QxwBvdcCsd99uXuX6-JBY,zoUc-BNm-JV6gNOIbmAQY7mOHw1dXvkux6vH8flFLI3baU2B9kFmxalSSovo46Ow3a8lgNxJYaSRxw,6085,1736194556269,638,CHALLENGER,RANKED_SOLO_5x5,861,195,154,False,False,True,False
191,qZ0_sqnzBiNCPLUKSSJe05yy2HqQiLYmaXgmeIbH0BAkhA,G7-gOCOC2K_G1AYFi4NOGBQqoaXGS82udXRU4-veZ3C_SCM,e4cDctXCE5MmNWn0WSOm8agq7Z7mGufp9nSvefyf0UH60q-MeIe237Gx2i4PTpjZAwluQ1riGYi90w,5176,1736190642884,404,CHALLENGER,RANKED_SOLO_5x5,861,165,127,False,False,True,True
192,od0VOO3g-VzA-oHMaizWzaPw1Y1tyJ2fBo-7bfT8xWSr0I0,6e50e36LOjkvijJaENUxMplIFk9Wg5qDTqPg9uUQYcGXGuU,0rAgDk9NCUr6_OE0a-gVvMqQzro1RpOc6HT0DiSUpvoYxO3_Uw-dqnyuoW82aJnQgz9FhdW-HfQuZg,3608,1736131945000,554,CHALLENGER,RANKED_SOLO_5x5,860,143,104,False,False,True,False
193,ShFoKIfWRpoSti7DU7OdUgXli8EUZnrAvkFK8E77jvOL,AqPL5dTd6K9IVNjDwD2T-ouhiv8WnJKfZV2pOuWY4SA,cKOfPx0Yorxvu_WZkhG12g9IKwDI9-fnhKqPHZYZEN9DyWNvuweWVulYFicAHijf9VR6TLzud4_LHg,6766,1736110316000,396,CHALLENGER,RANKED_SOLO_5x5,854,112,71,False,False,False,False
194,Y0hrDe8_rXJIQ_fgi5hEcFR2Gf5A4n9U6ZI7tu3LTPwsbbQ,l-2LfxmguI6mej8eC6A6Mu9Pn9MZ-oIa7UuZfYs6T2moSt81qDBTohEz,P3PnXTPRd27nFc8tlFI0eVnhdapKmv9REh4egR9ZOSsKhq2tVCCYdQb5O3pB0VnMTIwVAFTezz0J3w,23,1736045497000,171,CHALLENGER,RANKED_SOLO_5x5,852,288,252,False,False,True,True
195,dzaMJIR6M_MFTeTnA0Uk4cIyFfsykBJt5MTfQq636O9rOQ,lofFJ7IUZCLOBgWiZC-yK1zJ1o9F3w6P-AXoK5IvDZF7Ez4,9Lr--pz8S8wpPKGri2oKL6R5PAKBo9co0jw62twbb6P4vZj8vecrFQtLfqpxa0AxvYSHpa1ygKvDfg,6775,1736266327964,925,CHALLENGER,RANKED_SOLO_5x5,846,140,101,False,False,False,False
196,APEZpHL6_LOiO3RB5Fsp9s-E0ifV2Dw_DdHLPd2P_4J_rg,CgvRBzPRiqIdSBGjoSLm4V1TE0qw8_DYlAjacA9D-74c,tSk9qmD3uF35eYhz8D5G4GDN6_fS7ZqEnYBa7ygKkoxbg_YrRC9xHIyDcqJfq1MtiSzmmoQdBAUL5Q,539,1736261480854,232,CHALLENGER,RANKED_SOLO_5x5,833,238,186,False,False,True,False
197,8Kbdb-Iurm2HqgORaQLU1R6DcysVuxdaftAB9PbN75wgvTA,CWcenQpnFtQTmNbxOwg1tGGZtVXHeVX0BO_C5xrYOX6nGldgzeSBlp8h,eGMvvMqu0Fqcy3vZAjr55LSEB4ItgMh5l_BwUzmy9cpQ7brk0GFfRLqDhRwG7ccR1lViClB0BDv_VQ,5931,1736228119184,414,CHALLENGER,RANKED_SOLO_5x5,820,249,204,False,False,True,False
198,sRJiXbE6-_wIwFhEj7Pp8qSVAnB6-og47n2mgY7lIKDbjw,dgx36rK5lhDLPXz3HY9Mb_Q5tUQtMryhus5AOytKUg0UCUk,0gQVc1DwtsaQvnNxy1nbFByulLiuWQM9AjFR2eWnCBbyiSZs1QAjVAi0PVFHeHWdeAuKxZ_dCKK1SQ,6059,1736264954051,1283,CHALLENGER,RANKED_SOLO_5x5,819,354,325,True,False,False,False
199,v3S_C_v_LuYNUdZJIbq-jdGCTE7XiyOG7v3ifg6MbgKozQ,fVJUn-horxqo3E_U84zpC12eRHQ7oLDcGUZ0uW4ayNhksDo,eD4irc76xFxWSpdP67pYYwWJtaQ3DMQgtdz3GE6wLaxLAe1Ptj6KKhVM_wxcpac0Lht6_YBOJ0vfYg,10,1736265848851,1409,CHALLENGER,RANKED_SOLO_5x5,784,379,350,False,False,False,False
